{
  "strategy": "equal_weight_baseline",
  "sortino_ratio": 0.0664214262730759,
  "max_drawdown": -0.17320209686177424,
  "market_count": 20,
  "exposure_by_domain": {
    "roland-garros": 0.058823529411764705,
    "nba-champion": 0.058823529411764705,
    "epstein": 0.058823529411764705,
    "serie-a": 0.058823529411764705,
    "comex-gold-futures": 0.058823529411764705,
    "ligue-1": 0.058823529411764705,
    "la-liga": 0.058823529411764705,
    "nba": 0.058823529411764705,
    "league-of-legends": 0.058823529411764705,
    "new-mexico-primary": 0.058823529411764705,
    "tennis": 0.058823529411764705,
    "middle-east": 0.058823529411764705,
    "airdrops": 0.058823529411764705,
    "primaries": 0.058823529411764705,
    "colombia-election": 0.058823529411764705,
    "stanley-cup": 0.058823529411764705,
    "hockey": 0.058823529411764705
  },
  "mean_return": 0.00039156197144319744,
  "volatility": 0.016331565253191984
}