{
  "strategy": "equal_weight_baseline",
  "sortino_ratio": 0.046551272357591496,
  "max_drawdown": -0.07839709961454533,
  "market_count": 41,
  "exposure_by_domain": {
    "democratic-primary": 0.024390243902439025,
    "ukraine-peace-deal": 0.024390243902439025,
    "la-liga": 0.024390243902439025,
    "hide-from-china": 0.024390243902439025,
    "the-masters": 0.024390243902439025,
    "2025-predictions": 0.024390243902439025,
    "iranian-leadership-regime": 0.024390243902439025,
    "macro-election-1": 0.024390243902439025,
    "2026-fifa-world-cup": 0.024390243902439025,
    "politics": 0.024390243902439025,
    "mayoral-elections": 0.024390243902439025,
    "middle-east": 0.024390243902439025,
    "macro-geopolitics": 0.024390243902439025,
    "uefa-europa-league": 0.024390243902439025,
    "midterms": 0.024390243902439025,
    "ligue-1": 0.024390243902439025,
    "referendum": 0.024390243902439025,
    "business": 0.024390243902439025,
    "soccer": 0.024390243902439025,
    "champions-league": 0.024390243902439025,
    "basketball": 0.024390243902439025,
    "world-elections": 0.024390243902439025,
    "bundesliga": 0.024390243902439025,
    "california-midterm": 0.024390243902439025,
    "nba-champion": 0.024390243902439025,
    "conference-championship": 0.024390243902439025,
    "ncaa-football": 0.024390243902439025,
    "ncaa-basketball": 0.024390243902439025,
    "stanley-cup": 0.024390243902439025,
    "hockey": 0.024390243902439025,
    "big-tech": 0.024390243902439025,
    "trump-presidency": 0.024390243902439025,
    "economic-policy": 0.024390243902439025,
    "nba": 0.024390243902439025,
    "token-sales": 0.024390243902439025,
    "pop-culture": 0.024390243902439025,
    "awards": 0.024390243902439025,
    "serie-a": 0.024390243902439025,
    "foreign-policy": 0.024390243902439025,
    "france": 0.024390243902439025,
    "geopolitics": 0.024390243902439025
  },
  "mean_return": 0.0001138137437406124,
  "volatility": 0.0045389940955778176
}