{
  "category_count": 40,
  "avg_abs_correlation": 0.0008802429626927192,
  "max_abs_correlation": 0.05426725044703757,
  "pairs_abs_corr_ge_0p8": 0,
  "pairs_abs_corr_ge_0p6": 0,
  "top_eigenvalue_share": 0.5407780654904243,
  "baseline_portfolio_variance": 1.9707317372645484e-05,
  "constrained_portfolio_variance": 2.2940013905334296e-05,
  "variance_ratio_constrained_vs_baseline": 1.1640353413689841
}