{
  "strategy": "constrained_optuna_mean_downside_explicit",
  "best_params": {
    "learning_rate": 0.07086807287645795,
    "lambda_penalty": 0.8515625,
    "rolling_window": 24,
    "domain_limit": 0.18093749999999997,
    "max_weight": 0.043437500000000004,
    "uniform_mix": 0.06875,
    "evaluation_mode": "online",
    "weight_parameterization": "projected_simplex",
    "concentration_penalty_lambda": 36.97542108293732,
    "covariance_penalty_lambda": 0.6621274096117952,
    "covariance_shrinkage": 0.0725,
    "entropy_lambda": 0.019375,
    "variance_penalty": 0.921875,
    "downside_penalty": 1.4375,
    "regime_k": 0.25,
    "macro_integration": "explicit",
    "lambda_macro_explicit": 3.90625,
    "lambda_etf_tracking": 0.25,
    "selection_source": "optuna_qmc",
    "holdout_sortino_ratio": 0.057698734827956344,
    "holdout_max_drawdown": -0.07707452521181157,
    "holdout_mean_return": 6.930199377835914e-05,
    "holdout_volatility": 0.003277186266772768,
    "max_domain_exposure": 0.025756923481822014
  },
  "domain_exposure": {
    "acquisitions": 0.025279372930526733,
    "big-tech": 0.02414889819920063,
    "connecticut-primary": 0.02550579234957695,
    "commodities": 0.025594079867005348,
    "2026-fifa-world-cup": 0.025357093662023544,
    "claude-5": 0.021922223269939423,
    "comex-silver-futures": 0.025610877200961113,
    "basketball": 0.025453923270106316,
    "anthropic": 0.025514254346489906,
    "climate-science": 0.0252387672662735,
    "2025-predictions": 0.02516215294599533,
    "crypto-prices": 0.025499295443296432,
    "delaware-midterm": 0.025586960837244987,
    "celebrities": 0.02530783787369728,
    "base": 0.025621723383665085,
    "extended": 0.025737768039107323,
    "elon-musk": 0.025601714849472046,
    "bernie-sanders": 0.02493084967136383,
    "colombia-election": 0.023838527500629425,
    "fdv": 0.024337192997336388,
    "business": 0.025527536869049072,
    "congress": 0.025485869497060776,
    "awards": 0.02559061534702778,
    "brazil": 0.024040307849645615,
    "california-midterm": 0.025306863710284233,
    "bitcoin": 0.02552940510213375,
    "democratic-primary": 0.025549400597810745,
    "foreign-policy": 0.025330841541290283,
    "epstein": 0.025438621640205383,
    "fifa-world-cup": 0.023659832775592804,
    "2026-nfl-draft": 0.02559061534702778,
    "best-of-2025": 0.02466428279876709,
    "bundesliga": 0.02553839422762394,
    "abraham-accords": 0.025756923481822014,
    "champions-league": 0.025421934202313423,
    "comex-gold-futures": 0.024148063734173775,
    "airdrops": 0.024594232439994812,
    "felix": 0.023091576993465424,
    "colorado-midterm": 0.02422219328582287,
    "economic-policy": 0.024263489991426468
  },
  "feasibility_filter": {
    "applied_threshold": 0.12,
    "feasible_solution_found": true
  },
  "data_split": {
    "tuning_steps": 8251,
    "holdout_steps_total": 2063,
    "holdout_fraction": 0.2,
    "walkforward_train_steps": 240,
    "walkforward_test_steps": 48
  },
  "optuna_summary": {
    "n_trials": 100,
    "n_jobs": 4,
    "completed_trials": 53,
    "pruned_trials": 47,
    "best_trial_number": 26,
    "search_time_sec": 24519.999294412,
    "sampler": "QMCSampler(sobol)",
    "joint_macro_mode_search": false,
    "output_artifact_suffix": "_macro_explicit"
  }
}