{
  "strategy": "constrained_optuna_mean_downside_rescale",
  "best_params": {
    "learning_rate": 0.016991041644712792,
    "lambda_penalty": 0.2734375,
    "rolling_window": 96,
    "domain_limit": 0.09625,
    "max_weight": 0.068125,
    "uniform_mix": 0.003125,
    "evaluation_mode": "online",
    "weight_parameterization": "projected_simplex",
    "concentration_penalty_lambda": 9.043038394024116,
    "covariance_penalty_lambda": 1.1611402789398255,
    "covariance_shrinkage": 0.08750000000000001,
    "entropy_lambda": 0.0,
    "variance_penalty": 1.65625,
    "downside_penalty": 2.09375,
    "regime_k": 0.42500000000000004,
    "macro_integration": "rescale",
    "lambda_macro_explicit": 0.0,
    "lambda_etf_tracking": 0.0,
    "selection_source": "optuna_qmc",
    "holdout_sortino_ratio": 0.14353244204099,
    "holdout_max_drawdown": -0.26351160672208906,
    "holdout_mean_return": 0.0009589130364130722,
    "holdout_volatility": 0.030900352749939644,
    "max_domain_exposure": 0.10086111724376678,
    "baseline_holdout_sortino": 0.14944776046371117,
    "holdout_sortino_minus_baseline": -0.005915318422721166,
    "top_k_bagging": 5,
    "baseline_shrinkage": false,
    "beat_baseline_objective": false,
    "bagged_trial_numbers": [
      34,
      74,
      5,
      83,
      87
    ],
    "bagged_alphas": [
      1.0,
      1.0,
      1.0,
      1.0,
      1.0
    ],
    "best_trial_baseline_alpha": 1.0
  },
  "domain_exposure": {
    "republican-primary": 0.07166247814893723,
    "epstein": 0.0691869929432869,
    "serie-a": 0.0669955462217331,
    "claude-5": 0.05998523160815239,
    "ligue-1": 0.10086111724376678,
    "celebrities": 0.07155502587556839,
    "nba": 0.06820811331272125,
    "tennis": 0.06899605691432953,
    "nba-champion": 0.07003600150346756,
    "hockey": 0.0699082538485527,
    "best-of-2025": 0.0713551789522171,
    "south-dakota-midterm": 0.06982254981994629,
    "primaries": 0.07058446854352951,
    "middle-east": 0.07084309309720993
  },
  "feasibility_filter": {
    "applied_threshold": 0.12,
    "feasible_solution_found": true
  },
  "data_split": {
    "tuning_steps": 4616,
    "holdout_steps_total": 1154,
    "holdout_fraction": 0.2,
    "walkforward_train_steps": 240,
    "walkforward_test_steps": 48
  },
  "optuna_summary": {
    "n_trials": 100,
    "n_jobs": 4,
    "completed_trials": 27,
    "pruned_trials": 73,
    "best_trial_number": 34,
    "search_time_sec": 3564.850456040993,
    "sampler": "QMCSampler(sobol)",
    "joint_macro_mode_search": false,
    "output_artifact_suffix": "",
    "top_k_bagging": 5,
    "baseline_shrinkage": false,
    "beat_baseline_objective": false,
    "bagged_trial_numbers": [
      34,
      74,
      5,
      83,
      87
    ],
    "bagged_alphas": [
      1.0,
      1.0,
      1.0,
      1.0,
      1.0
    ],
    "objective_value_best": 0.12022608009970813
  }
}