uniform_mix,entropy_lambda,concentration_penalty_lambda,max_weight,hedge_allocation,gain_2d_combined,gain_2d_baseline,excess_2d,gain_7d_combined,gain_7d_baseline,excess_7d,outperform_2d,outperform_7d
0.1,0.02,50.0,0.18,0.0,0.5701982180258416,0.740874820782595,-0.17067660275675345,1.0170253525804696,1.328240095973912,-0.31121474339344246,False,False
0.1,0.01,35.0,0.14,0.0,0.5547233054010619,0.740874820782595,-0.18615151538153318,0.9108027937778989,1.328240095973912,-0.41743730219601316,False,False
0.08,0.01,35.0,0.14,0.0,0.5518897350719074,0.740874820782595,-0.18898508571068762,0.9084667696426181,1.328240095973912,-0.41977332633129394,False,False
0.04,0.01,20.0,0.1,0.0,0.5449912557140146,0.740874820782595,-0.1958835650685804,0.8973968967824684,1.328240095973912,-0.43084319919144365,False,False
0.0,0.0,12.0,0.22,0.0,0.23031172091399088,0.740874820782595,-0.5105630998686042,0.592149068238569,1.328240095973912,-0.736091027735343,False,False
0.0,0.0,12.0,0.22,0.15,0.19790538324025597,0.740874820782595,-0.5429694375423391,0.505389188310728,1.328240095973912,-0.822850907663184,False,False
