{
  "strategy": "constrained_optuna_excess_mean_downside",
  "best_params": {
    "learning_rate": 0.005000000000000002,
    "lambda_penalty": 0.25,
    "rolling_window": 288,
    "domain_limit": 0.08,
    "max_weight": 0.04,
    "uniform_mix": 0.0,
    "evaluation_mode": "online",
    "concentration_penalty_lambda": 2.0,
    "covariance_penalty_lambda": 0.5,
    "covariance_shrinkage": 0.02,
    "entropy_lambda": 0.0,
    "variance_penalty": 0.5,
    "downside_penalty": 1.0,
    "equity_signal_lambda": 0.0,
    "equity_signal_floor_scale": 0.01,
    "selection_source": "optuna_bayesian",
    "holdout_sortino_ratio": 0.1538464398569291,
    "holdout_max_drawdown": -0.09399852425121347,
    "holdout_mean_return": 0.00028243727115734703,
    "holdout_volatility": 0.009053268775353217,
    "max_domain_exposure": 0.07592828095927961
  },
  "domain_exposure": {
    "acquisitions": 0.02261274504403473,
    "connecticut-primary": 0.02435413432030804,
    "comex-silver-futures": 4.856273303014241e-05,
    "commodities": 0.02107144357133065,
    "epstein": 0.07592828095927961,
    "2025-predictions": 0.019801858783313014,
    "2026-fifa-world-cup": 0.01987677960353815,
    "claude-5": 0.007738436826868569,
    "anthropic": 0.03463582256605555,
    "basketball": 0.025114955987630937,
    "crypto-prices": 0.03730427176689734,
    "delaware-midterm": 0.03730051029107409,
    "base": 0.03670419974103925,
    "comex-gold-futures": 4.85223883947497e-05,
    "celebrities": 0.037259251652326596,
    "extended": 0.030774058358092535,
    "congress": 0.0186448858064442,
    "fdv": 0.01430356032639142,
    "formula1": 0.037300529247111185,
    "awards": 0.037300468259078845,
    "best-of-2025": 0.03293258776882396,
    "bitcoin": 0.028398124770027577,
    "business": 0.004784671956203887,
    "democratic-primary": 0.024732653600891184,
    "foreign-policy": 0.020919548867483873,
    "california-midterm": 4.8548346614105104e-05,
    "2026-nfl-draft": 0.037300643187920014,
    "economic-policy": 0.037229681549308107,
    "bundesliga": 0.0361366119126717,
    "abraham-accords": 4.855901790191476e-05,
    "colombia-election": 0.028522430319863044,
    "big-tech": 0.03675145190021164,
    "champions-league": 0.01358867371363455,
    "fifa-world-cup": 0.03417551802630472,
    "bernie-sanders": 0.011198068723125346,
    "brazil": 0.02050352246803135,
    "airdrops": 0.022888595111003385,
    "climate-science": 0.026557370812410597,
    "felix": 0.022896168811139657,
    "colorado-midterm": 0.022263290904189614
  },
  "feasibility_filter": {
    "applied_threshold": 0.12,
    "feasible_solution_found": true
  },
  "data_split": {
    "tuning_steps": 48474,
    "holdout_steps_total": 12119,
    "holdout_fraction": 0.2,
    "walkforward_train_steps": 1440,
    "walkforward_test_steps": 288
  },
  "optuna_summary": {
    "n_trials": 32,
    "completed_trials": 16,
    "pruned_trials": 16,
    "best_trial_number": 1,
    "search_time_sec": 33088.50209495798
  }
}