{
  "strategy": "constrained_optuna_mean_downside_both",
  "best_params": {
    "learning_rate": 0.005553937264054229,
    "lambda_penalty": 0.3219516503562353,
    "rolling_window": 96,
    "domain_limit": 0.09362171468278156,
    "max_weight": 0.045011545629617504,
    "uniform_mix": 0.0064933453787294985,
    "evaluation_mode": "online",
    "weight_parameterization": "projected_simplex",
    "concentration_penalty_lambda": 5.5790892149532745,
    "covariance_penalty_lambda": 6.625532841038921,
    "covariance_shrinkage": 0.04624485395039797,
    "entropy_lambda": 0.0,
    "variance_penalty": 1.839361615315915,
    "downside_penalty": 2.281992535427004,
    "regime_k": 0.7558112818210502,
    "macro_integration": "both",
    "lambda_macro_explicit": 0.10367411768661683,
    "lambda_etf_tracking": 0.0,
    "selection_source": "optuna_qmc",
    "holdout_sortino_ratio": 0.17485454826682573,
    "holdout_max_drawdown": -0.20894682607972326,
    "holdout_mean_return": 0.0007388452030032309,
    "holdout_volatility": 0.020486090063792713,
    "max_domain_exposure": 0.10000268369913101,
    "baseline_holdout_sortino": 0.1704567330023236,
    "holdout_sortino_minus_baseline": 0.004397815264502114,
    "top_k_bagging": 5,
    "baseline_shrinkage": true,
    "beat_baseline_objective": false,
    "bagged_trial_numbers": [
      3,
      82,
      1,
      48,
      31
    ],
    "bagged_alphas": [
      0.41992799215161336,
      0.7421875,
      0.17526327499108696,
      0.890625,
      0.59375
    ],
    "best_trial_baseline_alpha": 0.41992799215161336
  },
  "domain_exposure": {
    "roland-garros": 0.05008397623896599,
    "epstein": 0.05007842183113098,
    "hockey": 0.09994914755225182,
    "serie-a": 0.05010088533163071,
    "comex-silver-futures": 0.05010078102350235,
    "basketball": 0.04991142824292183,
    "ligue-1": 0.0999465100467205,
    "la-liga": 0.10000268369913101,
    "nba": 0.050068486481904984,
    "new-mexico-primary": 0.0500737801194191,
    "league-of-legends": 0.05008463189005852,
    "tennis": 0.049172885715961456,
    "airdrops": 0.050108402967453,
    "south-dakota-primary": 0.050109170377254486,
    "primaries": 0.05008503049612045,
    "awards": 0.05009403079748154,
    "nba-champion": 0.05002976581454277
  },
  "feasibility_filter": {
    "applied_threshold": 0.12,
    "feasible_solution_found": true
  },
  "data_split": {
    "tuning_steps": 5543,
    "holdout_steps_total": 1386,
    "holdout_fraction": 0.2,
    "walkforward_train_steps": 240,
    "walkforward_test_steps": 48
  },
  "optuna_summary": {
    "n_trials": 100,
    "n_jobs": 4,
    "completed_trials": 84,
    "pruned_trials": 16,
    "best_trial_number": 3,
    "search_time_sec": 24515.786961124977,
    "sampler": "QMCSampler(sobol)",
    "joint_macro_mode_search": false,
    "output_artifact_suffix": "_macro_both",
    "top_k_bagging": 5,
    "baseline_shrinkage": true,
    "beat_baseline_objective": false,
    "bagged_trial_numbers": [
      3,
      82,
      1,
      48,
      31
    ],
    "bagged_alphas": [
      0.41992799215161336,
      0.7421875,
      0.17526327499108696,
      0.890625,
      0.59375
    ],
    "objective_value_best": 0.09922243156100626
  }
}