{
  "strategy": "constrained_optuna_mean_downside_explicit",
  "best_params": {
    "learning_rate": 0.023487944083532462,
    "lambda_penalty": 0.54296875,
    "rolling_window": 24,
    "domain_limit": 0.093125,
    "max_weight": 0.0503125,
    "uniform_mix": 0.0546875,
    "evaluation_mode": "online",
    "weight_parameterization": "projected_simplex",
    "concentration_penalty_lambda": 10.515811984959768,
    "covariance_penalty_lambda": 0.5753813559769708,
    "covariance_shrinkage": 0.09375,
    "entropy_lambda": 0.0,
    "variance_penalty": 1.859375,
    "downside_penalty": 2.421875,
    "regime_k": 0.25,
    "macro_integration": "explicit",
    "lambda_macro_explicit": 1.328125,
    "lambda_etf_tracking": 0.0,
    "selection_source": "optuna_qmc",
    "holdout_sortino_ratio": 0.05545971824642642,
    "holdout_max_drawdown": -0.135571455959261,
    "holdout_mean_return": 7.085471115950198e-05,
    "holdout_volatility": 0.0038403549182028473,
    "max_domain_exposure": 0.03663904219865799,
    "baseline_holdout_sortino": 0.09618529709107718,
    "holdout_sortino_minus_baseline": -0.04072557884465076,
    "top_k_bagging": 5,
    "baseline_shrinkage": false,
    "beat_baseline_objective": true,
    "bagged_trial_numbers": [
      42,
      6,
      26,
      17,
      89
    ],
    "bagged_alphas": [
      1.0,
      1.0,
      1.0,
      1.0,
      1.0
    ],
    "best_trial_baseline_alpha": 1.0
  },
  "domain_exposure": {
    "acquisitions": 0.026088589802384377,
    "big-tech": 0.02358144149184227,
    "connecticut-primary": 0.027235928922891617,
    "comex-silver-futures": 0.019007768481969833,
    "commodities": 0.02398526668548584,
    "epstein": 0.019148757681250572,
    "congress": 0.016703162342309952,
    "2026-fifa-world-cup": 0.02468004822731018,
    "claude-5": 0.01394836325198412,
    "crypto-prices": 0.02448311448097229,
    "basketball": 0.03466641157865524,
    "anthropic": 0.029214590787887573,
    "2025-predictions": 0.017408309504389763,
    "delaware-midterm": 0.03207650035619736,
    "base": 0.035550232976675034,
    "comex-gold-futures": 0.023430945351719856,
    "extended": 0.030187491327524185,
    "elon-musk": 0.025210019201040268,
    "fdv": 0.02269623801112175,
    "business": 0.024185065180063248,
    "champions-league": 0.03663904219865799,
    "best-of-2025": 0.022587211802601814,
    "awards": 0.03663904219865799,
    "brazil": 0.022663097828626633,
    "california-midterm": 0.023638002574443817,
    "bitcoin": 0.024227077141404152,
    "democratic-primary": 0.03149810805916786,
    "foreign-policy": 0.02244729921221733,
    "fifa-world-cup": 0.022990915924310684,
    "2026-nfl-draft": 0.03663904219865799,
    "bundesliga": 0.030553722754120827,
    "climate-science": 0.030997121706604958,
    "abraham-accords": 0.02689060941338539,
    "colombia-election": 0.023506823927164078,
    "bernie-sanders": 0.019500792026519775,
    "celebrities": 0.020182058215141296,
    "airdrops": 0.02212444879114628,
    "felix": 0.016574133187532425,
    "colorado-midterm": 0.02191178873181343,
    "economic-policy": 0.014303314499557018
  },
  "feasibility_filter": {
    "applied_threshold": 0.12,
    "feasible_solution_found": true
  },
  "data_split": {
    "tuning_steps": 8628,
    "holdout_steps_total": 2157,
    "holdout_fraction": 0.2,
    "walkforward_train_steps": 240,
    "walkforward_test_steps": 48
  },
  "optuna_summary": {
    "n_trials": 100,
    "n_jobs": 4,
    "completed_trials": 99,
    "pruned_trials": 1,
    "best_trial_number": 42,
    "search_time_sec": 46891.070119961005,
    "sampler": "QMCSampler(sobol)",
    "joint_macro_mode_search": false,
    "output_artifact_suffix": "_macro_explicit",
    "top_k_bagging": 5,
    "baseline_shrinkage": false,
    "beat_baseline_objective": true,
    "bagged_trial_numbers": [
      42,
      6,
      26,
      17,
      89
    ],
    "bagged_alphas": [
      1.0,
      1.0,
      1.0,
      1.0,
      1.0
    ],
    "objective_value_best": -0.05748957626913436
  }
}