{
  "strategy": "equal_weight_baseline",
  "sortino_ratio": 0.019934517297019252,
  "max_drawdown": -0.21478470187582643,
  "market_count": 20,
  "exposure_by_domain": {
    "2026-nfl-draft-top-10": 0.0625,
    "roland-garros": 0.0625,
    "nba-champion": 0.0625,
    "epstein": 0.0625,
    "hockey": 0.0625,
    "serie-a": 0.0625,
    "basketball": 0.0625,
    "la-liga": 0.0625,
    "nba": 0.0625,
    "ligue-1": 0.0625,
    "new-mexico-primary": 0.0625,
    "claude-5": 0.0625,
    "league-of-legends": 0.0625,
    "south-dakota-primary": 0.0625,
    "primaries": 0.0625,
    "airdrops": 0.0625
  },
  "mean_return": 0.00012012023333662243,
  "volatility": 0.006456320696770234
}