{
  "category_count": 40,
  "avg_abs_correlation": 0.0025473125151481515,
  "max_abs_correlation": 0.26534787083181116,
  "pairs_abs_corr_ge_0p8": 0,
  "pairs_abs_corr_ge_0p6": 0,
  "top_eigenvalue_share": 0.8257723123692289,
  "baseline_portfolio_variance": 7.107092125762472e-05,
  "constrained_portfolio_variance": 6.788046522613426e-05,
  "variance_ratio_constrained_vs_baseline": 0.9551088409291139
}