{
  "strategy": "constrained_optuna_mean_downside_both",
  "best_params": {
    "learning_rate": 0.14152620831760485,
    "lambda_penalty": 0.9609375,
    "rolling_window": 24,
    "domain_limit": 0.21281250000000002,
    "max_weight": 0.1053125,
    "uniform_mix": 0.05625,
    "evaluation_mode": "online",
    "weight_parameterization": "projected_simplex",
    "concentration_penalty_lambda": 2.7044992882081327,
    "covariance_penalty_lambda": 1.6885481140335177,
    "covariance_shrinkage": 0.0775,
    "entropy_lambda": 0.018125,
    "variance_penalty": 1.578125,
    "downside_penalty": 1.8125,
    "regime_k": 0.5750000000000001,
    "macro_integration": "both",
    "lambda_macro_explicit": 0.46875,
    "lambda_etf_tracking": 0.5,
    "selection_source": "optuna_qmc",
    "holdout_sortino_ratio": 0.025777142595755333,
    "holdout_max_drawdown": -0.081647596574,
    "holdout_mean_return": 4.020898515577644e-05,
    "holdout_volatility": 0.0033776840178116876,
    "max_domain_exposure": 0.025407368317246437
  },
  "domain_exposure": {
    "acquisitions": 0.02479855902493,
    "big-tech": 0.025216834619641304,
    "connecticut-primary": 0.02517850510776043,
    "commodities": 0.02498842217028141,
    "epstein": 0.02534778229892254,
    "congress": 0.024800697341561317,
    "2026-fifa-world-cup": 0.02458302117884159,
    "claude-5": 0.024972353130578995,
    "comex-silver-futures": 0.02513386867940426,
    "basketball": 0.025083957239985466,
    "anthropic": 0.024913713335990906,
    "2025-predictions": 0.02532452717423439,
    "crypto-prices": 0.02497713826596737,
    "delaware-midterm": 0.024873554706573486,
    "base": 0.024884261190891266,
    "extended": 0.02496267668902874,
    "elon-musk": 0.025226762518286705,
    "bernie-sanders": 0.025380302220582962,
    "colombia-election": 0.02484634891152382,
    "fdv": 0.024692393839359283,
    "business": 0.02486157789826393,
    "champions-league": 0.025074535980820656,
    "awards": 0.025074535980820656,
    "brazil": 0.02503722347319126,
    "bitcoin": 0.024867059662938118,
    "democratic-primary": 0.024989934638142586,
    "foreign-policy": 0.02513592317700386,
    "california-midterm": 0.024951929226517677,
    "fifa-world-cup": 0.024454239755868912,
    "celebrities": 0.024789005517959595,
    "2026-nfl-draft": 0.025074535980820656,
    "best-of-2025": 0.02525511011481285,
    "bundesliga": 0.024981703609228134,
    "climate-science": 0.02444317936897278,
    "abraham-accords": 0.02514645829796791,
    "comex-gold-futures": 0.025361442938447,
    "airdrops": 0.025407368317246437,
    "felix": 0.02523246966302395,
    "colorado-midterm": 0.025009794160723686,
    "economic-policy": 0.02466644160449505
  },
  "feasibility_filter": {
    "applied_threshold": 0.12,
    "feasible_solution_found": true
  },
  "data_split": {
    "tuning_steps": 8678,
    "holdout_steps_total": 2170,
    "holdout_fraction": 0.2,
    "walkforward_train_steps": 240,
    "walkforward_test_steps": 48
  },
  "optuna_summary": {
    "n_trials": 100,
    "n_jobs": 4,
    "completed_trials": 70,
    "pruned_trials": 30,
    "best_trial_number": 30,
    "search_time_sec": 33142.32133415,
    "sampler": "QMCSampler(sobol)",
    "joint_macro_mode_search": false,
    "output_artifact_suffix": "_macro_both"
  }
}