{
  "strategy": "dynamic_copula_kelly_ogd",
  "best_params": {
    "lr_w": 0.010070203170590314,
    "lr_theta": 0.0009109991767558928,
    "rolling_window": 24,
    "mc_samples": 512,
    "turnover_lambda": 0.04949727389030159,
    "copula_shrinkage": 0.06755319293588401,
    "copula_temperature": 0.1,
    "mlp_hidden_dim": 16,
    "concentration_penalty_lambda": 2.2674053786168895,
    "max_weight": 0.07762377463281155,
    "weight_parameterization": "projected_simplex",
    "optimizer_type": "adam",
    "selection_source": "optuna_qmc_kelly",
    "max_domain_exposure": 0.07209213846939652
  },
  "kelly_metrics": {
    "holdout_log_wealth_total": 0.6983402779025193,
    "holdout_log_wealth_per_step": 6.110248297335894e-05,
    "holdout_total_turnover_l1": 265.67380167209706,
    "holdout_avg_turnover_l1": 0.02324558593683586,
    "holdout_max_turnover_l1": 0.8666541515027347,
    "holdout_max_drawdown": -0.11985352565305651,
    "holdout_mean_realized_return": 6.56257577935434e-05,
    "holdout_volatility": 0.0030567639392432566,
    "holdout_steps": 11429,
    "mlp_param_count": 13596,
    "copula_off_diag_abs_mean": 0.0,
    "pd_fallback_steps": 0
  },
  "domain_exposure": {
    "basketball": 0.005714145296494904,
    "2025-predictions": 0.05817301481398635,
    "epstein": 0.008297087028142391,
    "gemini-3": 0.0677577673196558,
    "awards": 0.07197088256715602,
    "bitcoin": 0.00498899938279151,
    "business": 0.00529364964260654,
    "crypto-prices": 0.0123384200030266,
    "anthropic": 0.06674402048707827,
    "congress": 0.009557761021998816,
    "delaware-midterm": 0.010195713270748174,
    "2026-fifa-world-cup": 0.0072353069462114785,
    "extended": 0.005306740804025959,
    "elon-musk": 0.0038815445644810225,
    "formula1": 0.04891846127365238,
    "fdv": 0.003897706390438376,
    "champions-league": 0.06488201740250071,
    "brazil": 0.011656301621424224,
    "best-of-2025": 0.0637383582096546,
    "commodities": 0.004378074608229454,
    "democratic-primary": 0.004967440031308458,
    "bundesliga": 0.07069867732887798,
    "felix": 0.021136004816949903,
    "airdrops": 0.0067600433953650795,
    "gensyn": 0.005680702695245129,
    "claude-5": 0.013672563659499168,
    "france": 0.06853064235603938,
    "german-elections": 0.00787079000061717,
    "colorado-midterm": 0.008570939165839144,
    "celebrities": 0.006044224936293621,
    "arkansas-midterm": 0.011480730555653894,
    "ghislaine-maxwell": 0.0094564269985049,
    "colombia-election": 0.07181851635004594,
    "fifa-world-cup": 0.0056935776759110815,
    "ethereum": 0.011491348447531502,
    "big-tech": 0.07209213846939652,
    "databricks": 0.039193542735473874,
    "climate-science": 0.010589325007769972,
    "california-midterm": 0.009711408732492979,
    "geopolitics": 0.00961499785499096
  },
  "data_split": {
    "tuning_steps": 45712,
    "holdout_steps_total": 11429,
    "holdout_fraction": 0.2,
    "walkforward_train_steps": 240,
    "walkforward_test_steps": 48,
    "rolling_window_used": 24
  },
  "optuna_summary": {
    "n_trials": 100,
    "n_jobs": 4,
    "completed_trials": 100,
    "pruned_trials": 0,
    "best_trial_number": 46,
    "search_time_sec": 87210.387116563,
    "sampler": "QMCSampler(sobol)",
    "selection_objective": "mean_log_wealth - lambda_sel * mean_turnover",
    "selection_turnover_penalty": 0.05,
    "objective_value_best": -0.0020543305700172973
  }
}