{
  "strategy": "constrained_optuna_mean_downside",
  "best_params": {
    "learning_rate": 0.009728913091028564,
    "lambda_penalty": 1.5469580275982124,
    "rolling_window": 96,
    "domain_limit": 0.0802425696956689,
    "max_weight": 0.05014885804314273,
    "uniform_mix": 0.1365827708750835,
    "evaluation_mode": "online",
    "concentration_penalty_lambda": 19.620984765890714,
    "covariance_penalty_lambda": 2.4052451844688196,
    "covariance_shrinkage": 0.07569283708135752,
    "entropy_lambda": 0.019109366460058518,
    "variance_penalty": 0.5796930360094363,
    "downside_penalty": 1.6177053697275943,
    "selection_source": "optuna_bayesian",
    "holdout_sortino_ratio": 0.01873728926858239,
    "holdout_max_drawdown": -0.061520735999044396,
    "holdout_mean_return": 1.7267329978819587e-05,
    "holdout_volatility": 0.0015817534154580616,
    "max_domain_exposure": 0.025384802371263504
  },
  "domain_exposure": {
    "basketball": 0.024976253509521484,
    "big-tech": 0.024973420426249504,
    "france": 0.024973399937152863,
    "2025-predictions": 0.02502855844795704,
    "epstein": 0.024965234100818634,
    "gemini-3": 0.024980634450912476,
    "2026-fifa-world-cup": 0.02497340738773346,
    "bitcoin": 0.02499748021364212,
    "business": 0.024980025365948677,
    "crypto-prices": 0.024991849437355995,
    "anthropic": 0.025384802371263504,
    "congress": 0.02497519925236702,
    "delaware-midterm": 0.024973463267087936,
    "extended": 0.02503020688891411,
    "elon-musk": 0.024969978258013725,
    "fdv": 0.02495318278670311,
    "champions-league": 0.02497340738773346,
    "awards": 0.025138964876532555,
    "brazil": 0.024931520223617554,
    "best-of-2025": 0.02498464845120907,
    "commodities": 0.024964401498436928,
    "economic-policy": 0.025003237649798393,
    "formula1": 0.02497340925037861,
    "democratic-primary": 0.024969877675175667,
    "bundesliga": 0.02515576407313347,
    "felix": 0.025053387507796288,
    "airdrops": 0.024972425773739815,
    "gensyn": 0.024983873590826988,
    "geopolitics": 0.024973925203084946,
    "claude-5": 0.02493867836892605,
    "german-elections": 0.024969009682536125,
    "colorado-midterm": 0.024974245578050613,
    "celebrities": 0.024998661130666733,
    "arkansas-midterm": 0.02497340738773346,
    "colombia-election": 0.02490326575934887,
    "fifa-world-cup": 0.02497369609773159,
    "ethereum": 0.02497537061572075,
    "databricks": 0.025002259761095047,
    "climate-science": 0.024973617866635323,
    "california-midterm": 0.025110794231295586
  },
  "feasibility_filter": {
    "applied_threshold": 0.12,
    "feasible_solution_found": true
  },
  "data_split": {
    "tuning_steps": 45682,
    "holdout_steps_total": 11421,
    "holdout_fraction": 0.2,
    "walkforward_train_steps": 1440,
    "walkforward_test_steps": 288
  },
  "optuna_summary": {
    "n_trials": 5,
    "completed_trials": 5,
    "pruned_trials": 0,
    "best_trial_number": 3,
    "search_time_sec": 7427.527659750001
  }
}