{
  "strategy": "constrained_optuna_mean_downside_rescale",
  "best_params": {
    "learning_rate": 0.029851613680346452,
    "lambda_penalty": 1.69921875,
    "rolling_window": 24,
    "domain_limit": 0.16765625,
    "max_weight": 0.06578125,
    "uniform_mix": 0.059375000000000004,
    "evaluation_mode": "online",
    "weight_parameterization": "projected_simplex",
    "concentration_penalty_lambda": 42.997337756503796,
    "covariance_penalty_lambda": 9.542702976692379,
    "covariance_shrinkage": 0.05875,
    "entropy_lambda": 0.0021875,
    "variance_penalty": 0.6640625,
    "downside_penalty": 2.15625,
    "regime_k": 0.5125000000000001,
    "macro_integration": "rescale",
    "lambda_macro_explicit": 0.0,
    "lambda_etf_tracking": 0.0,
    "selection_source": "optuna_qmc",
    "holdout_sortino_ratio": 0.05392893884643827,
    "holdout_max_drawdown": -0.09152638137048974,
    "holdout_mean_return": 8.161557619046215e-05,
    "holdout_volatility": 0.0035750988869233547,
    "max_domain_exposure": 0.029781421646475792
  },
  "domain_exposure": {
    "acquisitions": 0.02365998551249504,
    "big-tech": 0.023054374381899834,
    "connecticut-primary": 0.028755348175764084,
    "comex-silver-futures": 0.020504869520664215,
    "commodities": 0.025141393765807152,
    "2026-fifa-world-cup": 0.028452081605792046,
    "claude-5": 0.017766086384654045,
    "anthropic": 0.029112916439771652,
    "2025-predictions": 0.026588452979922295,
    "crypto-prices": 0.0290309339761734,
    "delaware-midterm": 0.029154714196920395,
    "base": 0.029781421646475792,
    "basketball": 0.014893901534378529,
    "extended": 0.02566285990178585,
    "congress": 0.022881126031279564,
    "democratic-primary": 0.02025611512362957,
    "colombia-election": 0.027861338108778,
    "fdv": 0.024501875042915344,
    "business": 0.024029606953263283,
    "champions-league": 0.02916172333061695,
    "awards": 0.02916172333061695,
    "california-midterm": 0.02783012017607689,
    "bitcoin": 0.02760406769812107,
    "foreign-policy": 0.02687586098909378,
    "celebrities": 0.02374427020549774,
    "epstein": 0.023578133434057236,
    "fifa-world-cup": 0.024068089202046394,
    "2026-nfl-draft": 0.02916172333061695,
    "best-of-2025": 0.02079114131629467,
    "bundesliga": 0.02921242266893387,
    "colorado-midterm": 0.02930540032684803,
    "formula1": 0.02916172333061695,
    "abraham-accords": 0.024691779166460037,
    "climate-science": 0.024190127849578857,
    "bernie-sanders": 0.019555142149329185,
    "brazil": 0.02651985175907612,
    "comex-gold-futures": 0.020867694169282913,
    "airdrops": 0.024829717352986336,
    "felix": 0.017749905586242676,
    "economic-policy": 0.02085070125758648
  },
  "feasibility_filter": {
    "applied_threshold": 0.12,
    "feasible_solution_found": true
  },
  "data_split": {
    "tuning_steps": 8339,
    "holdout_steps_total": 2085,
    "holdout_fraction": 0.2,
    "walkforward_train_steps": 240,
    "walkforward_test_steps": 48
  },
  "optuna_summary": {
    "n_trials": 100,
    "n_jobs": 4,
    "completed_trials": 91,
    "pruned_trials": 9,
    "best_trial_number": 47,
    "search_time_sec": 80621.92694812399,
    "sampler": "QMCSampler(sobol)",
    "joint_macro_mode_search": false,
    "output_artifact_suffix": ""
  }
}