learning_rate,lambda_penalty,rolling_window,max_weight,uniform_mix,sortino_ratio,max_drawdown,mean_return,volatility,concentration_penalty_lambda,entropy_lambda,max_domain_exposure,max_domain_exposure_threshold,domain_exposure_json
0.05,1.0,24,0.05,0.88,0.05165006575978517,-0.07915772813019017,0.00014675037411849095,0.005250511987486695,80.0,0.02,0.02543848194181919,0.05,"{""democratic-primary"": 0.02431546524167061, ""ukraine-peace-deal"": 0.024320503696799278, ""la-liga"": 0.024324363097548485, ""hide-from-china"": 0.024324161931872368, ""the-masters"": 0.0243019200861454, ""2025-predictions"": 0.02433423139154911, ""iranian-leadership-regime"": 0.024398474022746086, ""macro-election-1"": 0.02461940608918667, ""2026-fifa-world-cup"": 0.024327803403139114, ""politics"": 0.02446644939482212, ""mayoral-elections"": 0.024319736286997795, ""middle-east"": 0.02431008592247963, ""macro-geopolitics"": 0.024321138858795166, ""uefa-europa-league"": 0.024316761642694473, ""midterms"": 0.02431448921561241, ""ligue-1"": 0.02431860752403736, ""referendum"": 0.024343864992260933, ""business"": 0.024302508682012558, ""soccer"": 0.024324363097548485, ""champions-league"": 0.024330615997314453, ""basketball"": 0.024307390674948692, ""world-elections"": 0.024324363097548485, ""bundesliga"": 0.024367790669202805, ""california-midterm"": 0.02432720549404621, ""nba-champion"": 0.024324363097548485, ""conference-championship"": 0.025404874235391617, ""ncaa-football"": 0.02543848194181919, ""ncaa-basketball"": 0.02430299110710621, ""stanley-cup"": 0.024331003427505493, ""hockey"": 0.024320857599377632, ""big-tech"": 0.02434394881129265, ""trump-presidency"": 0.024324607104063034, ""economic-policy"": 0.02431023120880127, ""nba"": 0.024375537410378456, ""token-sales"": 0.02432241663336754, ""pop-culture"": 0.02432413585484028, ""awards"": 0.02431577257812023, ""serie-a"": 0.024327648803591728, ""foreign-policy"": 0.024326514452695847, ""france"": 0.024324363097548485, ""geopolitics"": 0.0243204478174448}"
