{
  "strategy": "constrained_optuna_mean_downside_both",
  "best_params": {
    "learning_rate": 0.02391429070826896,
    "lambda_penalty": 0.853515625,
    "rolling_window": 96,
    "domain_limit": 0.1140625,
    "max_weight": 0.07328125,
    "uniform_mix": 0.06171875,
    "evaluation_mode": "online",
    "weight_parameterization": "projected_simplex",
    "concentration_penalty_lambda": 48.75830481167545,
    "covariance_penalty_lambda": 1.4333866727154096,
    "covariance_shrinkage": 0.085625,
    "entropy_lambda": 0.0,
    "variance_penalty": 1.7109375,
    "downside_penalty": 2.8984375,
    "regime_k": 0.68125,
    "macro_integration": "both",
    "lambda_macro_explicit": 3.7890625,
    "lambda_etf_tracking": 0.0,
    "selection_source": "optuna_qmc",
    "holdout_sortino_ratio": 0.060001464318309605,
    "holdout_max_drawdown": -0.2488570522628526,
    "holdout_mean_return": 0.00019039972274733678,
    "holdout_volatility": 0.00984944930998444,
    "max_domain_exposure": 0.0775117501616478,
    "baseline_holdout_sortino": 0.09501300440986588,
    "holdout_sortino_minus_baseline": -0.03501154009155627,
    "top_k_bagging": 5,
    "baseline_shrinkage": false,
    "beat_baseline_objective": false,
    "bagged_trial_numbers": [
      93,
      26,
      82,
      59,
      17
    ],
    "bagged_alphas": [
      1.0,
      1.0,
      1.0,
      1.0,
      1.0
    ],
    "best_trial_baseline_alpha": 1.0
  },
  "domain_exposure": {
    "2026-nfl-draft": 0.04010489955544472,
    "roland-garros": 0.0775117501616478,
    "congress": 0.03936012089252472,
    "economic-policy": 0.07574483379721642,
    "basketball": 0.0337989404797554,
    "la-liga": 0.04282720759510994,
    "new-mexico-primary": 0.041488438844680786,
    "taylor-swift": 0.040061838924884796,
    "ligue-1": 0.041333235800266266,
    "ufc": 0.04131179302930832,
    "natural-disasters": 0.0391349196434021,
    "airdrops": 0.04292399808764458,
    "best-of-2025": 0.03792409598827362,
    "grooming-gangs": 0.0353507325053215,
    "south-dakota-primary": 0.03921758756041527,
    "primaries": 0.04039257764816284,
    "uefa-europa-league": 0.04312889277935028,
    "nba-champion": 0.04030987620353699,
    "west-virginia-primary": 0.04167388007044792,
    "league-of-legends": 0.041751060634851456,
    "serie-a": 0.04135747626423836,
    "south-carolina-primary": 0.042297232896089554,
    "usdptai": 0.04099433124065399
  },
  "feasibility_filter": {
    "applied_threshold": 0.12,
    "feasible_solution_found": true
  },
  "data_split": {
    "tuning_steps": 6724,
    "holdout_steps_total": 1681,
    "holdout_fraction": 0.2,
    "walkforward_train_steps": 240,
    "walkforward_test_steps": 48
  },
  "optuna_summary": {
    "n_trials": 100,
    "n_jobs": 4,
    "completed_trials": 100,
    "pruned_trials": 0,
    "best_trial_number": 93,
    "search_time_sec": 26908.153059528006,
    "sampler": "QMCSampler(sobol)",
    "joint_macro_mode_search": false,
    "output_artifact_suffix": "_macro_both",
    "top_k_bagging": 5,
    "baseline_shrinkage": false,
    "beat_baseline_objective": false,
    "bagged_trial_numbers": [
      93,
      26,
      82,
      59,
      17
    ],
    "bagged_alphas": [
      1.0,
      1.0,
      1.0,
      1.0,
      1.0
    ],
    "objective_value_best": 0.17879917310226798
  }
}