{
  "strategy": "dynamic_copula_kelly_ogd",
  "best_params": {
    "lr_w": 0.010070203170590314,
    "lr_theta": 0.0009109991767558928,
    "rolling_window": 24,
    "mc_samples": 512,
    "turnover_lambda": 0.04949727389030159,
    "copula_shrinkage": 0.06755319293588401,
    "copula_temperature": 0.1,
    "mlp_hidden_dim": 8,
    "concentration_penalty_lambda": 2.2674053786168895,
    "max_weight": 0.07762377463281155,
    "fee_rate": 0.0,
    "dd_penalty": 0.0,
    "weight_parameterization": "projected_simplex",
    "optimizer_type": "adam",
    "selection_source": "optuna_qmc_kelly",
    "max_domain_exposure": 0.15091609057366653
  },
  "kelly_metrics": {
    "holdout_log_wealth_total": 0.2617166687347501,
    "holdout_log_wealth_per_step": 0.00017049945845912058,
    "holdout_total_turnover_l1": 18.026731619704513,
    "holdout_avg_turnover_l1": 0.0117437991007847,
    "holdout_max_turnover_l1": 0.58257607659325,
    "holdout_max_drawdown": -0.3031747077965662,
    "holdout_mean_realized_return": 0.0002239162613959443,
    "holdout_volatility": 0.010541940834706368,
    "holdout_steps": 1535,
    "mlp_param_count": 1814,
    "copula_off_diag_abs_mean": 0.6684024333953857,
    "pd_fallback_steps": 22543
  },
  "domain_exposure": {
    "2026-nfl-draft-top-10": 0.0763310271287974,
    "roland-garros": 0.14632620836702154,
    "epstein": 0.019210663288380458,
    "indian-premier-league": 0.01753216663494756,
    "serie-a": 0.07614581352918855,
    "la-liga": 0.07654211503189627,
    "nba": 0.15091609057366653,
    "ligue-1": 0.07646642696682715,
    "new-mexico-primary": 0.0074199670424261194,
    "gensyn": 0.008396990645344053,
    "hockey": 0.043605577613224034,
    "south-dakota-primary": 0.0069147246243640706,
    "primaries": 0.01328810025157266,
    "rhode-island-primary": 0.04314991762673525,
    "nba-champion": 0.07633435034984874,
    "airdrops": 0.02461369416752966,
    "stanley-cup": 0.061463524777357274,
    "usdptai": 0.0753426541358912
  },
  "data_split": {
    "tuning_steps": 6137,
    "holdout_steps_total": 1535,
    "holdout_fraction": 0.2,
    "walkforward_train_steps": 240,
    "walkforward_test_steps": 48,
    "rolling_window_used": 24
  },
  "optuna_summary": {
    "n_trials": 100,
    "n_jobs": 4,
    "completed_trials": 100,
    "pruned_trials": 0,
    "best_trial_number": 46,
    "search_time_sec": 24928.989373459015,
    "sampler": "QMCSampler(sobol)",
    "selection_objective": "mean_log_wealth - lambda_sel * mean_turnover",
    "selection_turnover_penalty": 0.05,
    "objective_value_best": -0.0010177792796114984
  }
}