{
  "strategy": "constrained_optuna_mean_downside_rescale",
  "best_params": {
    "learning_rate": 0.014876032809687984,
    "lambda_penalty": 0.35703442078221415,
    "rolling_window": 96,
    "domain_limit": 0.08408333054131165,
    "max_weight": 0.08403760025417358,
    "uniform_mix": 0.08740957986601806,
    "evaluation_mode": "online",
    "weight_parameterization": "projected_simplex",
    "concentration_penalty_lambda": 11.64772446374577,
    "covariance_penalty_lambda": 1.7135232477843763,
    "covariance_shrinkage": 0.05106673041214274,
    "entropy_lambda": 0.0,
    "variance_penalty": 1.980703941658711,
    "downside_penalty": 2.6187002070190464,
    "regime_k": 0.7564838662390336,
    "macro_integration": "rescale",
    "lambda_macro_explicit": 0.0,
    "lambda_etf_tracking": 0.0,
    "selection_source": "optuna_qmc",
    "holdout_sortino_ratio": -0.010219247034636059,
    "holdout_max_drawdown": -0.07724678965969345,
    "holdout_mean_return": -1.4976985561468318e-05,
    "holdout_volatility": 0.0025201331198407575,
    "max_domain_exposure": 0.04446185752749443,
    "baseline_holdout_sortino": 0.023771442337291702,
    "holdout_sortino_minus_baseline": -0.03399068937192776,
    "top_k_bagging": 4,
    "baseline_shrinkage": false,
    "beat_baseline_objective": false,
    "bagged_trial_numbers": [
      0,
      3,
      1,
      2
    ],
    "bagged_alphas": [
      1.0,
      1.0,
      1.0,
      1.0
    ],
    "best_trial_baseline_alpha": 1.0
  },
  "domain_exposure": {
    "acquisitions": 0.008855082094669342,
    "big-tech": 0.0023418229538947344,
    "connecticut-primary": 0.01673363335430622,
    "comex-silver-futures": 0.021180177107453346,
    "commodities": 0.03901005908846855,
    "epstein": 0.009663550183176994,
    "2026-fifa-world-cup": 0.020055344328284264,
    "crypto-prices": 0.013647956773638725,
    "comex-gold-futures": 0.03968299552798271,
    "anthropic": 0.030656222254037857,
    "2025-predictions": 0.015373677015304565,
    "delaware-midterm": 0.023156581446528435,
    "basketball": 0.03202962130308151,
    "base": 0.0230905469506979,
    "extended": 0.0181362833827734,
    "congress": 0.04099350795149803,
    "democratic-primary": 0.032237108796834946,
    "colombia-election": 0.018830228596925735,
    "claude-5": 0.0023423314560204744,
    "climate-science": 0.027506105601787567,
    "champions-league": 0.03381073474884033,
    "bitcoin": 0.010062973015010357,
    "formula1": 0.016241323202848434,
    "awards": 0.03247881308197975,
    "foreign-policy": 0.024671297520399094,
    "best-of-2025": 0.004397250711917877,
    "fdv": 0.020781632512807846,
    "california-midterm": 0.026594221591949463,
    "celebrities": 0.02901867777109146,
    "2026-nfl-draft": 0.03381073474884033,
    "france": 0.024719547480344772,
    "abraham-accords": 0.04446185752749443,
    "bernie-sanders": 0.024600906297564507,
    "business": 0.0396500788629055,
    "bundesliga": 0.03846372663974762,
    "brazil": 0.043623946607112885,
    "airdrops": 0.031363531947135925,
    "colorado-midterm": 0.010666055604815483,
    "economic-policy": 0.0349610336124897,
    "fifa-world-cup": 0.04010016843676567
  },
  "feasibility_filter": {
    "applied_threshold": 0.12,
    "feasible_solution_found": true
  },
  "data_split": {
    "tuning_steps": 7697,
    "holdout_steps_total": 1925,
    "holdout_fraction": 0.2,
    "walkforward_train_steps": 240,
    "walkforward_test_steps": 48
  },
  "optuna_summary": {
    "n_trials": 5,
    "n_jobs": 4,
    "completed_trials": 4,
    "pruned_trials": 1,
    "best_trial_number": 0,
    "search_time_sec": 1698.3247739999788,
    "sampler": "QMCSampler(sobol)",
    "joint_macro_mode_search": false,
    "output_artifact_suffix": "",
    "top_k_bagging": 4,
    "baseline_shrinkage": false,
    "beat_baseline_objective": false,
    "bagged_trial_numbers": [
      0,
      3,
      1,
      2
    ],
    "bagged_alphas": [
      1.0,
      1.0,
      1.0,
      1.0
    ],
    "objective_value_best": 0.004043132155089936
  }
}