{
  "strategy": "constrained_optuna_mean_downside_both_joint_macro",
  "best_params": {
    "learning_rate": 0.021123928481706866,
    "lambda_penalty": 1.42578125,
    "rolling_window": 24,
    "domain_limit": 0.24734374999999997,
    "max_weight": 0.10359374999999998,
    "uniform_mix": 0.040625,
    "evaluation_mode": "online",
    "weight_parameterization": "projected_simplex",
    "concentration_penalty_lambda": 21.263864176137073,
    "covariance_penalty_lambda": 0.523960560463034,
    "covariance_shrinkage": 0.09625,
    "entropy_lambda": 0.0153125,
    "variance_penalty": 0.8046875,
    "downside_penalty": 2.09375,
    "regime_k": 0.6375000000000001,
    "macro_integration": "both",
    "lambda_macro_explicit": 4.609375,
    "lambda_etf_tracking": 0.1,
    "selection_source": "optuna_qmc",
    "holdout_sortino_ratio": 0.03321952159528885,
    "holdout_max_drawdown": -0.0846211608522387,
    "holdout_mean_return": 4.1228606038881865e-05,
    "holdout_volatility": 0.003187000148799114,
    "max_domain_exposure": 0.026298437267541885
  },
  "domain_exposure": {
    "acquisitions": 0.024633800610899925,
    "big-tech": 0.025002436712384224,
    "connecticut-primary": 0.024878520518541336,
    "commodities": 0.024884408339858055,
    "2025-predictions": 0.025067895650863647,
    "2026-fifa-world-cup": 0.024679239839315414,
    "claude-5": 0.02555001899600029,
    "comex-gold-futures": 0.025342773646116257,
    "comex-silver-futures": 0.02489209920167923,
    "basketball": 0.02486584708094597,
    "anthropic": 0.02485744282603264,
    "climate-science": 0.025315934792160988,
    "crypto-prices": 0.02468913234770298,
    "delaware-midterm": 0.02486584335565567,
    "celebrities": 0.02465200424194336,
    "base": 0.024928772822022438,
    "extended": 0.025109922513365746,
    "elon-musk": 0.024986889213323593,
    "bernie-sanders": 0.02525808848440647,
    "colombia-election": 0.02518235519528389,
    "fdv": 0.024893267080187798,
    "business": 0.024797461926937103,
    "congress": 0.02481054700911045,
    "awards": 0.02486584149301052,
    "brazil": 0.025165105238556862,
    "california-midterm": 0.024680210277438164,
    "bitcoin": 0.024929698556661606,
    "democratic-primary": 0.0249041598290205,
    "epstein": 0.024793319404125214,
    "fifa-world-cup": 0.024941779673099518,
    "2026-nfl-draft": 0.02486584149301052,
    "best-of-2025": 0.02554621547460556,
    "bundesliga": 0.024872321635484695,
    "abraham-accords": 0.025068089365959167,
    "champions-league": 0.024917397648096085,
    "airdrops": 0.025342809036374092,
    "felix": 0.026298437267541885,
    "colorado-midterm": 0.02521056868135929,
    "foreign-policy": 0.024788154289126396,
    "economic-policy": 0.02466530352830887
  },
  "feasibility_filter": {
    "applied_threshold": 0.12,
    "feasible_solution_found": true
  },
  "data_split": {
    "tuning_steps": 8635,
    "holdout_steps_total": 2159,
    "holdout_fraction": 0.2,
    "walkforward_train_steps": 240,
    "walkforward_test_steps": 48
  },
  "optuna_summary": {
    "n_trials": 100,
    "n_jobs": 4,
    "completed_trials": 58,
    "pruned_trials": 42,
    "best_trial_number": 63,
    "search_time_sec": 26814.503046541,
    "sampler": "QMCSampler(sobol)",
    "joint_macro_mode_search": true,
    "output_artifact_suffix": ""
  }
}