{
  "strategy": "constrained_optuna_mean_downside_rescale",
  "best_params": {
    "learning_rate": 0.029147076735680375,
    "lambda_penalty": 0.66015625,
    "rolling_window": 24,
    "domain_limit": 0.084375,
    "max_weight": 0.0521875,
    "uniform_mix": 0.0890625,
    "evaluation_mode": "online",
    "weight_parameterization": "projected_simplex",
    "concentration_penalty_lambda": 2.844000602825425,
    "covariance_penalty_lambda": 7.206092693162526,
    "covariance_shrinkage": 0.08625000000000001,
    "entropy_lambda": 0.0,
    "variance_penalty": 1.078125,
    "downside_penalty": 2.328125,
    "regime_k": 0.5375,
    "macro_integration": "rescale",
    "lambda_macro_explicit": 0.0,
    "lambda_etf_tracking": 0.0,
    "selection_source": "optuna_qmc",
    "holdout_sortino_ratio": -0.020949448603301096,
    "holdout_max_drawdown": -0.13661637273197813,
    "holdout_mean_return": -2.8167923376516907e-05,
    "holdout_volatility": 0.002683298094111099,
    "max_domain_exposure": 0.035467300564050674,
    "baseline_holdout_sortino": 0.03872338650825279,
    "holdout_sortino_minus_baseline": -0.059672835111553885,
    "top_k_bagging": 5,
    "baseline_shrinkage": false,
    "beat_baseline_objective": false,
    "bagged_trial_numbers": [
      65,
      82,
      77,
      6,
      26
    ],
    "bagged_alphas": [
      1.0,
      1.0,
      1.0,
      1.0,
      1.0
    ],
    "best_trial_baseline_alpha": 1.0
  },
  "domain_exposure": {
    "acquisitions": 0.024526447057724,
    "big-tech": 0.025981098413467407,
    "connecticut-primary": 0.02520378865301609,
    "climate-science": 0.019647058099508286,
    "commodities": 0.021487485617399216,
    "epstein": 0.017253482714295387,
    "2026-fifa-world-cup": 0.02900981903076172,
    "claude-5": 0.013744644820690155,
    "comex-gold-futures": 0.024772103875875473,
    "comex-silver-futures": 0.02401941455900669,
    "basketball": 0.03032875433564186,
    "anthropic": 0.026250312104821205,
    "2025-predictions": 0.018711326643824577,
    "crypto-prices": 0.02294113300740719,
    "delaware-midterm": 0.029044240713119507,
    "base": 0.035467300564050674,
    "extended": 0.02980300411581993,
    "congress": 0.016987605020403862,
    "elon-musk": 0.025321001186966896,
    "colombia-election": 0.02819974720478058,
    "fdv": 0.024119596928358078,
    "business": 0.024595273658633232,
    "champions-league": 0.03539431840181351,
    "awards": 0.03539431840181351,
    "california-midterm": 0.03157983720302582,
    "bitcoin": 0.02291068807244301,
    "democratic-primary": 0.028663689270615578,
    "fifa-world-cup": 0.023309944197535515,
    "2026-nfl-draft": 0.03539431840181351,
    "best-of-2025": 0.0167996883392334,
    "bundesliga": 0.03130723908543587,
    "abraham-accords": 0.03083217144012451,
    "bernie-sanders": 0.026269614696502686,
    "celebrities": 0.019516119733452797,
    "brazil": 0.024708453565835953,
    "airdrops": 0.021596550941467285,
    "felix": 0.018016433343291283,
    "colorado-midterm": 0.02299220860004425,
    "foreign-policy": 0.021489303559064865,
    "economic-policy": 0.016409944742918015
  },
  "feasibility_filter": {
    "applied_threshold": 0.12,
    "feasible_solution_found": true
  },
  "data_split": {
    "tuning_steps": 8382,
    "holdout_steps_total": 2096,
    "holdout_fraction": 0.2,
    "walkforward_train_steps": 240,
    "walkforward_test_steps": 48
  },
  "optuna_summary": {
    "n_trials": 100,
    "n_jobs": 4,
    "completed_trials": 46,
    "pruned_trials": 54,
    "best_trial_number": 65,
    "search_time_sec": 37562.45897017399,
    "sampler": "QMCSampler(sobol)",
    "joint_macro_mode_search": false,
    "output_artifact_suffix": "",
    "top_k_bagging": 5,
    "baseline_shrinkage": false,
    "beat_baseline_objective": false,
    "bagged_trial_numbers": [
      65,
      82,
      77,
      6,
      26
    ],
    "bagged_alphas": [
      1.0,
      1.0,
      1.0,
      1.0,
      1.0
    ],
    "objective_value_best": 0.03828997318194188
  }
}