{
  "n_aligned_steps": 55210,
  "n_hedge_steps_total": 55210,
  "alignment_coverage": 1.0,
  "baseline": {
    "mean_step_return": 3.477565493023024e-05,
    "volatility_step_return": 0.002069857978058732,
    "sortino": 0.0490681145475779,
    "max_drawdown": -0.07156512150047778,
    "terminal_cumulative": 6.111065848460413
  },
  "hedged_pm_stocks_oil": {
    "mean_step_return": 3.477565493023024e-05,
    "volatility_step_return": 0.002069857978058732,
    "sortino": 0.0490681145475779,
    "max_drawdown": -0.07156512150047778,
    "terminal_cumulative": 6.111065848460413
  },
  "sanity_pm_cumulative_rmse_vs_baseline": 0.0,
  "note": "sanity_pm_cumulative_rmse_vs_baseline should be near 0 when the hedge run uses the same equal-weight PM sleeve as the saved baseline series."
}