{
  "strategy": "constrained_optuna_mean_downside_rescale",
  "best_params": {
    "learning_rate": 0.005000000000000002,
    "lambda_penalty": 0.25,
    "rolling_window": 96,
    "domain_limit": 0.08,
    "max_weight": 0.04,
    "uniform_mix": 0.0,
    "evaluation_mode": "online",
    "weight_parameterization": "projected_simplex",
    "concentration_penalty_lambda": 2.0,
    "covariance_penalty_lambda": 0.5,
    "covariance_shrinkage": 0.02,
    "entropy_lambda": 0.0,
    "variance_penalty": 1.0,
    "downside_penalty": 2.0,
    "regime_k": 0.0,
    "macro_integration": "rescale",
    "lambda_macro_explicit": 0.0,
    "lambda_etf_tracking": 0.0,
    "selection_source": "optuna_qmc",
    "holdout_sortino_ratio": 0.09971229814709359,
    "holdout_max_drawdown": -0.060264376561755206,
    "holdout_mean_return": 0.0001465985325819704,
    "holdout_volatility": 0.004657101412649708,
    "max_domain_exposure": 0.02500000037252903,
    "baseline_holdout_sortino": 0.09971229814709359,
    "holdout_sortino_minus_baseline": 0.0,
    "top_k_bagging": 1,
    "baseline_shrinkage": true,
    "beat_baseline_objective": false,
    "bagged_trial_numbers": [
      4
    ],
    "bagged_alphas": [
      0.0
    ],
    "best_trial_baseline_alpha": 0.0
  },
  "domain_exposure": {
    "acquisitions": 0.02500000037252903,
    "big-tech": 0.02500000037252903,
    "connecticut-primary": 0.02500000037252903,
    "climate-science": 0.02500000037252903,
    "comex-silver-futures": 0.02500000037252903,
    "commodities": 0.02500000037252903,
    "epstein": 0.02500000037252903,
    "2026-fifa-world-cup": 0.02500000037252903,
    "claude-5": 0.02500000037252903,
    "basketball": 0.02500000037252903,
    "anthropic": 0.02500000037252903,
    "2025-predictions": 0.02500000037252903,
    "crypto-prices": 0.02500000037252903,
    "delaware-midterm": 0.02500000037252903,
    "base": 0.02500000037252903,
    "celebrities": 0.02500000037252903,
    "extended": 0.02500000037252903,
    "congress": 0.02500000037252903,
    "elon-musk": 0.02500000037252903,
    "colombia-election": 0.02500000037252903,
    "fdv": 0.02500000037252903,
    "best-of-2025": 0.02500000037252903,
    "awards": 0.02500000037252903,
    "brazil": 0.02500000037252903,
    "bitcoin": 0.02500000037252903,
    "democratic-primary": 0.02500000037252903,
    "foreign-policy": 0.02500000037252903,
    "airdrops": 0.02500000037252903,
    "2026-nfl-draft": 0.02500000037252903,
    "bundesliga": 0.02500000037252903,
    "abraham-accords": 0.02500000037252903,
    "business": 0.02500000037252903,
    "champions-league": 0.02500000037252903,
    "fifa-world-cup": 0.02500000037252903,
    "bernie-sanders": 0.02500000037252903,
    "comex-gold-futures": 0.02500000037252903,
    "felix": 0.02500000037252903,
    "colorado-midterm": 0.02500000037252903,
    "economic-policy": 0.02500000037252903,
    "california-midterm": 0.02500000037252903
  },
  "feasibility_filter": {
    "applied_threshold": 0.12,
    "feasible_solution_found": true
  },
  "data_split": {
    "tuning_steps": 7691,
    "holdout_steps_total": 1923,
    "holdout_fraction": 0.2,
    "walkforward_train_steps": 240,
    "walkforward_test_steps": 48
  },
  "optuna_summary": {
    "n_trials": 100,
    "n_jobs": 4,
    "completed_trials": 35,
    "pruned_trials": 65,
    "best_trial_number": 4,
    "search_time_sec": 27099.190173077004,
    "sampler": "QMCSampler(sobol)",
    "joint_macro_mode_search": false,
    "output_artifact_suffix": "",
    "top_k_bagging": 1,
    "baseline_shrinkage": true,
    "beat_baseline_objective": false,
    "bagged_trial_numbers": [
      4
    ],
    "bagged_alphas": [
      0.0
    ],
    "objective_value_best": 0.08860796064463329
  }
}