{
  "strategy": "constrained_optuna_mean_downside_both_joint_macro",
  "best_params": {
    "learning_rate": 0.005000000000000002,
    "lambda_penalty": 0.25,
    "rolling_window": 48,
    "domain_limit": 0.08,
    "max_weight": 0.04,
    "uniform_mix": 0.0,
    "evaluation_mode": "online",
    "weight_parameterization": "projected_simplex",
    "concentration_penalty_lambda": 2.0,
    "covariance_penalty_lambda": 0.5,
    "covariance_shrinkage": 0.02,
    "entropy_lambda": 0.0,
    "variance_penalty": 1.0,
    "downside_penalty": 2.0,
    "regime_k": 0.0,
    "macro_integration": "both",
    "lambda_macro_explicit": 0.0,
    "lambda_etf_tracking": 0.0,
    "selection_source": "optuna_qmc",
    "holdout_sortino_ratio": 0.05126347202084998,
    "holdout_max_drawdown": -0.092856579324058,
    "holdout_mean_return": 6.73918922444904e-05,
    "holdout_volatility": 0.003438091270886579,
    "max_domain_exposure": 0.026432668790221214,
    "baseline_holdout_sortino": 0.05705581167795521,
    "holdout_sortino_minus_baseline": -0.005792339657105232,
    "top_k_bagging": 5,
    "baseline_shrinkage": true,
    "beat_baseline_objective": true,
    "bagged_trial_numbers": [
      4,
      77,
      66,
      98,
      25
    ],
    "bagged_alphas": [
      0.0,
      0.1171875,
      0.046875,
      0.0859375,
      0.28125
    ],
    "best_trial_baseline_alpha": 0.0
  },
  "domain_exposure": {
    "acquisitions": 0.025202101096510887,
    "big-tech": 0.02453339658677578,
    "connecticut-primary": 0.0256142970174551,
    "comex-silver-futures": 0.024257291108369827,
    "commodities": 0.0256029162555933,
    "congress": 0.02459869720041752,
    "2026-fifa-world-cup": 0.026326987892389297,
    "claude-5": 0.023925570771098137,
    "crypto-prices": 0.02483416721224785,
    "comex-gold-futures": 0.025354351848363876,
    "basketball": 0.02404150925576687,
    "anthropic": 0.02620660699903965,
    "2025-predictions": 0.024342060089111328,
    "delaware-midterm": 0.02560163475573063,
    "base": 0.026081230491399765,
    "extended": 0.025778109207749367,
    "elon-musk": 0.02473483420908451,
    "fdv": 0.025308627635240555,
    "awards": 0.02612459659576416,
    "brazil": 0.02368309535086155,
    "bitcoin": 0.024761859327554703,
    "democratic-primary": 0.025105709210038185,
    "foreign-policy": 0.025570696219801903,
    "epstein": 0.024522101506590843,
    "fifa-world-cup": 0.023803606629371643,
    "2026-nfl-draft": 0.02612459659576416,
    "best-of-2025": 0.023943612352013588,
    "bundesliga": 0.026432668790221214,
    "climate-science": 0.025724753737449646,
    "abraham-accords": 0.0255049467086792,
    "business": 0.02438303269445896,
    "colombia-election": 0.026194775477051735,
    "champions-league": 0.024570489302277565,
    "bernie-sanders": 0.02442915178835392,
    "celebrities": 0.024274330586194992,
    "airdrops": 0.0251888670027256,
    "felix": 0.02398310787975788,
    "colorado-midterm": 0.02407084032893181,
    "economic-policy": 0.02379164844751358,
    "california-midterm": 0.025467151775956154
  },
  "feasibility_filter": {
    "applied_threshold": 0.12,
    "feasible_solution_found": true
  },
  "data_split": {
    "tuning_steps": 8447,
    "holdout_steps_total": 2112,
    "holdout_fraction": 0.2,
    "walkforward_train_steps": 240,
    "walkforward_test_steps": 48
  },
  "optuna_summary": {
    "n_trials": 100,
    "n_jobs": 4,
    "completed_trials": 53,
    "pruned_trials": 47,
    "best_trial_number": 4,
    "search_time_sec": 23606.249386227995,
    "sampler": "QMCSampler(sobol)",
    "joint_macro_mode_search": true,
    "output_artifact_suffix": "",
    "top_k_bagging": 5,
    "baseline_shrinkage": true,
    "beat_baseline_objective": true,
    "bagged_trial_numbers": [
      4,
      77,
      66,
      98,
      25
    ],
    "bagged_alphas": [
      0.0,
      0.1171875,
      0.046875,
      0.0859375,
      0.28125
    ],
    "objective_value_best": 0.0
  }
}