{
  "strategy": "constrained_optuna_mean_downside_explicit",
  "best_params": {
    "learning_rate": 0.08424559175578492,
    "lambda_penalty": 1.20703125,
    "rolling_window": 24,
    "domain_limit": 0.09859375000000001,
    "max_weight": 0.062343749999999996,
    "uniform_mix": 0.015625,
    "evaluation_mode": "online",
    "weight_parameterization": "projected_simplex",
    "concentration_penalty_lambda": 2.844000602825425,
    "covariance_penalty_lambda": 7.206092693162526,
    "covariance_shrinkage": 0.08625000000000001,
    "entropy_lambda": 0.017812500000000002,
    "variance_penalty": 0.9921875,
    "downside_penalty": 2.34375,
    "regime_k": 0.25,
    "macro_integration": "explicit",
    "lambda_macro_explicit": 2.109375,
    "lambda_etf_tracking": 0.5,
    "selection_source": "optuna_qmc",
    "holdout_sortino_ratio": 0.021548916943918063,
    "holdout_max_drawdown": -0.09564034923300091,
    "holdout_mean_return": 2.8903193703454424e-05,
    "holdout_volatility": 0.0034499516811673124,
    "max_domain_exposure": 0.02539144642651081
  },
  "domain_exposure": {
    "acquisitions": 0.02474786713719368,
    "big-tech": 0.025120262056589127,
    "connecticut-primary": 0.025148918852210045,
    "commodities": 0.025051172822713852,
    "2026-fifa-world-cup": 0.024846408516168594,
    "claude-5": 0.02421106956899166,
    "comex-gold-futures": 0.02517256699502468,
    "comex-silver-futures": 0.025149060413241386,
    "basketball": 0.02513933926820755,
    "anthropic": 0.025131933391094208,
    "2025-predictions": 0.025071844458580017,
    "crypto-prices": 0.025139132514595985,
    "delaware-midterm": 0.025139478966593742,
    "celebrities": 0.024740763008594513,
    "base": 0.025204643607139587,
    "extended": 0.02539144642651081,
    "congress": 0.02498663403093815,
    "colombia-election": 0.024686764925718307,
    "fdv": 0.025063110515475273,
    "formula1": 0.025139465928077698,
    "business": 0.024667037650942802,
    "awards": 0.025139426812529564,
    "brazil": 0.02528006210923195,
    "california-midterm": 0.02478477545082569,
    "bitcoin": 0.02520832046866417,
    "democratic-primary": 0.02508326806128025,
    "foreign-policy": 0.02510884217917919,
    "epstein": 0.024958478286862373,
    "2026-nfl-draft": 0.025139426812529564,
    "best-of-2025": 0.02432209625840187,
    "bundesliga": 0.02515098638832569,
    "abraham-accords": 0.025141306221485138,
    "champions-league": 0.025183632969856262,
    "fifa-world-cup": 0.02518380433320999,
    "climate-science": 0.02513781748712063,
    "bernie-sanders": 0.02443074993789196,
    "airdrops": 0.025160079821944237,
    "felix": 0.024963155388832092,
    "colorado-midterm": 0.02491423301398754,
    "economic-policy": 0.02476048842072487
  },
  "feasibility_filter": {
    "applied_threshold": 0.12,
    "feasible_solution_found": true
  },
  "data_split": {
    "tuning_steps": 7868,
    "holdout_steps_total": 1968,
    "holdout_fraction": 0.2,
    "walkforward_train_steps": 240,
    "walkforward_test_steps": 48
  },
  "optuna_summary": {
    "n_trials": 100,
    "n_jobs": 4,
    "completed_trials": 88,
    "pruned_trials": 12,
    "best_trial_number": 65,
    "search_time_sec": 37835.918057983996,
    "sampler": "QMCSampler(sobol)",
    "joint_macro_mode_search": false,
    "output_artifact_suffix": "_macro_explicit"
  }
}