{
  "strategy": "constrained_optuna_mean_downside_rescale",
  "best_params": {
    "learning_rate": 0.08424559175578492,
    "lambda_penalty": 1.20703125,
    "rolling_window": 24,
    "domain_limit": 0.09859375000000001,
    "max_weight": 0.062343749999999996,
    "uniform_mix": 0.015625,
    "evaluation_mode": "online",
    "weight_parameterization": "projected_simplex",
    "concentration_penalty_lambda": 2.844000602825425,
    "covariance_penalty_lambda": 7.206092693162526,
    "covariance_shrinkage": 0.08625000000000001,
    "entropy_lambda": 0.017812500000000002,
    "variance_penalty": 0.9921875,
    "downside_penalty": 2.34375,
    "regime_k": 0.3375,
    "macro_integration": "rescale",
    "lambda_macro_explicit": 0.0,
    "lambda_etf_tracking": 0.05,
    "selection_source": "optuna_qmc",
    "holdout_sortino_ratio": 0.006280747738617423,
    "holdout_max_drawdown": -0.13733319048695813,
    "holdout_mean_return": 1.079104452506047e-05,
    "holdout_volatility": 0.003712902575765468,
    "max_domain_exposure": 0.025473259389400482
  },
  "domain_exposure": {
    "acquisitions": 0.024782732129096985,
    "big-tech": 0.02496844157576561,
    "connecticut-primary": 0.025032000616192818,
    "commodities": 0.02488573081791401,
    "epstein": 0.024929480627179146,
    "2025-predictions": 0.025342708453536034,
    "2026-fifa-world-cup": 0.025015171617269516,
    "claude-5": 0.02427423931658268,
    "comex-gold-futures": 0.02513456903398037,
    "comex-silver-futures": 0.025217579677700996,
    "basketball": 0.025196922942996025,
    "anthropic": 0.025183359161019325,
    "crypto-prices": 0.02502157725393772,
    "economic-policy": 0.024379663169384003,
    "delaware-midterm": 0.025195391848683357,
    "base": 0.02525571919977665,
    "brazil": 0.025082018226385117,
    "extended": 0.02541935443878174,
    "congress": 0.024799851700663567,
    "colombia-election": 0.02486211620271206,
    "fdv": 0.02496081218123436,
    "formula1": 0.025197267532348633,
    "business": 0.024748746305704117,
    "champions-league": 0.025197578594088554,
    "awards": 0.025197578594088554,
    "california-midterm": 0.024963553994894028,
    "bitcoin": 0.025186600163578987,
    "democratic-primary": 0.02523941732943058,
    "foreign-policy": 0.024928128346800804,
    "celebrities": 0.025122443214058876,
    "fifa-world-cup": 0.025217821821570396,
    "2026-nfl-draft": 0.025197578594088554,
    "best-of-2025": 0.024438459426164627,
    "abraham-accords": 0.025270845741033554,
    "bundesliga": 0.02459263801574707,
    "bernie-sanders": 0.024534204974770546,
    "airdrops": 0.025473259389400482,
    "climate-science": 0.025055833160877228,
    "felix": 0.024683326482772827,
    "colorado-midterm": 0.024815065786242485
  },
  "feasibility_filter": {
    "applied_threshold": 0.12,
    "feasible_solution_found": true
  },
  "data_split": {
    "tuning_steps": 8340,
    "holdout_steps_total": 2085,
    "holdout_fraction": 0.2,
    "walkforward_train_steps": 240,
    "walkforward_test_steps": 48
  },
  "optuna_summary": {
    "n_trials": 100,
    "n_jobs": 4,
    "completed_trials": 69,
    "pruned_trials": 31,
    "best_trial_number": 65,
    "search_time_sec": 60075.421551194,
    "sampler": "QMCSampler(sobol)",
    "joint_macro_mode_search": false,
    "output_artifact_suffix": ""
  }
}