{
  "strategy": "constrained_ogd_mean_downside",
  "best_params": {
    "learning_rate": 0.01,
    "lambda_penalty": 1.0,
    "rolling_window": 96,
    "domain_limit": 0.06,
    "max_weight": 0.03,
    "uniform_mix": 0.4,
    "evaluation_mode": "online",
    "sortino_ratio": 0.2343122111481975,
    "max_drawdown": -0.03463340693091166,
    "mean_return": 0.00011198655078839027,
    "volatility": 0.0017312836168720648,
    "concentration_penalty_lambda": 120.0,
    "covariance_penalty_lambda": 20.0,
    "covariance_shrinkage": 0.05,
    "entropy_lambda": 0.02,
    "max_domain_exposure": 0.011540395906195045,
    "max_domain_exposure_threshold": 0.04,
    "domain_exposure_json": "{\"colombia-election\": 0.01153846806846559, \"basketball\": 0.01153847319073975, \"minnesota-midterm\": 0.007692346116527915, \"israel-x-iran\": 0.007692323299124837, \"awards\": 0.011538504855707288, \"economic-policy\": 0.011538470396772027, \"german-elections\": 0.007692316314205527, \"ncaa-football\": 0.007692319341003895, \"world-elections\": 0.007692321203649044, \"trump-presidency\": 0.00769232283346355, \"pop-culture\": 0.0076923209708184, \"token-launch\": 0.007692317245528102, \"ncaa-basketball\": 0.007692319341003895, \"thailand-cambodia\": 0.0076922939624637365, \"variational\": 0.0076923209708184, \"democratic-primary\": 0.011538481339812279, \"congress\": 0.011538481339812279, \"commodities\": 0.011538479709997773, \"primaries\": 0.007692316547036171, \"epstein\": 0.00769231840968132, \"delaware-midterm\": 0.007692321436479688, \"iranian-leadership-regime\": 0.007692322134971619, \"2025-predictions\": 0.011538478080183268, \"crypto-prices\": 0.011538477148860693, \"the-masters\": 0.007692320737987757, \"california-midterm\": 0.011538481805473566, \"champions-league\": 0.011538480641320348, \"elon-musk\": 0.011538471328094602, \"macro-election-1\": 0.007692320505157113, \"ostium\": 0.007692317012697458, \"solstice\": 0.007692320505157113, \"nov-4-elections\": 0.007692322134971619, \"2026-fifa-world-cup\": 0.011538482271134853, \"claude-5\": 0.011538472026586533, \"macro-indicators\": 0.007692318642511964, \"politics\": 0.007692320505157113, \"reya\": 0.007692316547036171, \"primary-elections\": 0.007692322367802262, \"new-hampshire-primary\": 0.007692321203649044, \"business\": 0.011538478778675199, \"rhode-island-midterm\": 0.0076923209708184, \"formula1\": 0.007692318642511964, \"rhode-island-primary\": 0.007692320505157113, \"big-tech\": 0.011538481106981635, \"anthropic\": 0.011538473423570395, \"senate-elections\": 0.007692317245528102, \"ukraine-map\": 0.007692319108173251, \"geopolitics\": 0.007692321436479688, \"ethereum\": 0.011538478545844555, \"ligue-1\": 0.007692319341003895, \"south-dakota-midterm\": 0.007692319806665182, \"la-liga\": 0.007692317012697458, \"tech\": 0.007692319341003895, \"new-mexico-primary\": 0.007692315382882953, \"senate-midterms\": 0.0076923209708184, \"michigan-midterm\": 0.007692335406318307, \"tariffs\": 0.007692315150052309, \"warner-bros\": 0.007692307699471712, \"middle-east\": 0.007692209677770734, \"gemini-3\": 0.007692317478358746, \"climate-science\": 0.011538478313013911, \"trump-zelenskyy\": 0.007692316081374884, \"extended\": 0.011538481106981635, \"brazil\": 0.011538482969626784, \"trump-netanyahu\": 0.007692326791584492, \"macro-geopolitics\": 0.0038461596705019474, \"new-york-city\": 0.007692320505157113, \"south-carolina-primary\": 0.0076923181768506765, \"republican-primary\": 0.007692321203649044, \"best-of-2025\": 0.011538479709997773, \"grooming-gangs\": 0.00769231840968132, \"mayoral-elections\": 0.007692319108173251, \"west-virginia-primary\": 0.007692324463278055, \"fdv\": 0.00769231840968132, \"fifa-world-cup\": 0.007692318642511964, \"referendums-midterms\": 0.0038461601361632347, \"league-of-legends\": 0.00769231584854424, \"massachusetts-primary\": 0.0076923067681491375, \"databricks\": 0.011538354447111487, \"bitcoin\": 0.011538478545844555, \"turkey\": 0.0076922879088670015, \"prediction-markets\": 0.007692321669310331, \"sam-altman\": 0.007692315382882953, \"military-action\": 0.007692312356084585, \"soccer\": 0.00769231840968132, \"bundesliga\": 0.011538475984707475, \"new-mexico-midterm\": 0.007692320039495826, \"arkansas-midterm\": 0.0076923209708184, \"nba\": 0.007692316547036171, \"rhineland-palatinate\": 0.007692320272326469, \"new-hampshire-midterm\": 0.007692317944020033, \"colorado-midterm\": 0.011538485065102577, \"uefa-europa-league\": 0.0076923209708184, \"russia-capture\": 0.007692320272326469, \"nba-champion\": 0.0076923188753426075, \"military-strikes\": 0.0038461603689938784, \"other\": 0.0076923195738345385, \"serie-a\": 0.007692311890423298, \"felix\": 0.007692320505157113, \"natural-disasters\": 0.007692321203649044, \"stanley-cup\": 0.007692319108173251, \"foreign-policy\": 0.0076923209708184, \"theo\": 0.007692319341003895, \"gensyn\": 0.0076923209708184, \"ukraine-peace-deal\": 0.007692320737987757, \"governor-midterms\": 0.007692321902140975, \"trump\": 0.007692317944020033, \"midterms\": 0.007692320272326469, \"jerome-powell\": 0.007692317012697458, \"airdrops\": 0.011538480408489704, \"celebrities\": 0.01153847761452198, \"ghislaine-maxwell\": 0.0038461594376713037, \"token-sales\": 0.007692319108173251, \"nebraska-midterm\": 0.0076923209708184, \"trump-x-al-sharaa\": 0.007692316779866815, \"hockey\": 0.007692319108173251, \"france\": 0.007692320737987757, \"usdptai\": 0.00769231840968132}",
    "selection_source": "walkforward_tuning",
    "holdout_sortino_ratio": 0.3233947929175015,
    "holdout_max_drawdown": -0.016024014882125015,
    "holdout_mean_return": 0.00017171045296517087,
    "holdout_volatility": 0.0021269585703646903
  },
  "domain_exposure": {
    "colombia-election": 0.011538263177499175,
    "basketball": 0.01153839472681284,
    "minnesota-midterm": 0.007694881409406662,
    "israel-x-iran": 0.0076929982751607895,
    "awards": 0.011540395906195045,
    "economic-policy": 0.011538467602804303,
    "german-elections": 0.007692322600632906,
    "ncaa-football": 0.00769229675643146,
    "world-elections": 0.007692342158406973,
    "trump-presidency": 0.0076930837240070105,
    "pop-culture": 0.007692339364439249,
    "token-launch": 0.007692340994253755,
    "ncaa-basketball": 0.007693029008805752,
    "thailand-cambodia": 0.007690377300605178,
    "variational": 0.007692340994253755,
    "democratic-primary": 0.011538512771949172,
    "congress": 0.011538661317899823,
    "commodities": 0.011538494611158967,
    "primaries": 0.007692263228818774,
    "epstein": 0.007692351471632719,
    "delaware-midterm": 0.007692339364439249,
    "iranian-leadership-regime": 0.007692415500059724,
    "2025-predictions": 0.011538577266037464,
    "crypto-prices": 0.011538563063368201,
    "the-masters": 0.007692345883697271,
    "california-midterm": 0.011539403349161148,
    "champions-league": 0.011538701364770532,
    "elon-musk": 0.01153848017565906,
    "macro-election-1": 0.007692880695685744,
    "ostium": 0.0076923309825360775,
    "solstice": 0.007692356593906879,
    "nov-4-elections": 0.0076926941983401775,
    "2026-fifa-world-cup": 0.011538570281118155,
    "claude-5": 0.011538433143869042,
    "macro-indicators": 0.007692337967455387,
    "politics": 0.0076923430897295475,
    "reya": 0.0076926215551793575,
    "primary-elections": 0.0076923605520278215,
    "new-hampshire-primary": 0.007692359620705247,
    "business": 0.011538516264408827,
    "rhode-island-midterm": 0.007692339364439249,
    "formula1": 0.007692371960729361,
    "rhode-island-primary": 0.007692630169913173,
    "big-tech": 0.01153900707140565,
    "anthropic": 0.011538648512214422,
    "senate-elections": 0.007692287443205714,
    "ukraine-map": 0.007692599901929498,
    "geopolitics": 0.007692354265600443,
    "ethereum": 0.011538505787029862,
    "ligue-1": 0.007692336104810238,
    "south-dakota-midterm": 0.007692337967455387,
    "la-liga": 0.007692299783229828,