{
  "strategy": "constrained_optuna_mean_downside_rescale",
  "best_params": {
    "learning_rate": 0.01525263945133513,
    "lambda_penalty": 0.87109375,
    "rolling_window": 96,
    "domain_limit": 0.10062499999999999,
    "max_weight": 0.0540625,
    "uniform_mix": 0.010937500000000001,
    "evaluation_mode": "online",
    "weight_parameterization": "projected_simplex",
    "concentration_penalty_lambda": 42.997337756503796,
    "covariance_penalty_lambda": 9.542702976692379,
    "covariance_shrinkage": 0.05875,
    "entropy_lambda": 0.0,
    "variance_penalty": 1.296875,
    "downside_penalty": 2.109375,
    "regime_k": 0.4625,
    "macro_integration": "rescale",
    "lambda_macro_explicit": 0.0,
    "lambda_etf_tracking": 0.0,
    "selection_source": "optuna_qmc",
    "holdout_sortino_ratio": 0.02227721841735465,
    "holdout_max_drawdown": -0.09912203063294422,
    "holdout_mean_return": 3.764300726567825e-05,
    "holdout_volatility": 0.0029571339064289543,
    "max_domain_exposure": 0.05139821767807007,
    "baseline_holdout_sortino": 0.039429522609409656,
    "holdout_sortino_minus_baseline": -0.017152304192055007,
    "top_k_bagging": 5,
    "baseline_shrinkage": false,
    "beat_baseline_objective": false,
    "bagged_trial_numbers": [
      47,
      77,
      21,
      50,
      89
    ],
    "bagged_alphas": [
      1.0,
      1.0,
      1.0,
      1.0,
      1.0
    ],
    "best_trial_baseline_alpha": 1.0
  },
  "domain_exposure": {
    "acquisitions": 0.002538305940106511,
    "big-tech": 0.04666287451982498,
    "connecticut-primary": 0.010920276865363121,
    "comex-silver-futures": 0.01092522218823433,
    "commodities": 0.051289431750774384,
    "2026-fifa-world-cup": 0.002553461818024516,
    "formula1": 0.02402305044233799,
    "anthropic": 0.011039076372981071,
    "2025-predictions": 0.00197388487868011,
    "crypto-prices": 0.010912621393799782,
    "delaware-midterm": 0.0020209308713674545,
    "basketball": 0.04640337824821472,
    "base": 0.011012682691216469,
    "comex-gold-futures": 0.010983075015246868,
    "extended": 0.011063393205404282,
    "best-of-2025": 0.05130354315042496,
    "congress": 0.05139821767807007,
    "colombia-election": 0.010844206437468529,
    "claude-5": 0.036168571561574936,
    "business": 0.010917353443801403,
    "bitcoin": 0.037624113261699677,
    "awards": 0.05132408067584038,
    "brazil": 0.002037828555330634,
    "democratic-primary": 0.010920751839876175,
    "fdv": 0.002033246448263526,
    "california-midterm": 0.002594383666291833,
    "airdrops": 0.03769253194332123,
    "epstein": 0.05126957222819328,
    "2026-nfl-draft": 0.010922844521701336,
    "france": 0.01092633418738842,
    "celebrities": 0.051270175725221634,
    "abraham-accords": 0.05132362246513367,
    "bernie-sanders": 0.03907204791903496,
    "champions-league": 0.011009911075234413,
    "climate-science": 0.010920308530330658,
    "bundesliga": 0.03923449665307999,
    "colorado-midterm": 0.01106625609099865,
    "foreign-policy": 0.05128353089094162,
    "economic-policy": 0.05120736360549927,
    "fifa-world-cup": 0.05131186172366142
  },
  "feasibility_filter": {
    "applied_threshold": 0.12,
    "feasible_solution_found": true
  },
  "data_split": {
    "tuning_steps": 8042,
    "holdout_steps_total": 2011,
    "holdout_fraction": 0.2,
    "walkforward_train_steps": 240,
    "walkforward_test_steps": 48
  },
  "optuna_summary": {
    "n_trials": 100,
    "n_jobs": 4,
    "completed_trials": 41,
    "pruned_trials": 59,
    "best_trial_number": 47,
    "search_time_sec": 22357.472063917085,
    "sampler": "QMCSampler(sobol)",
    "joint_macro_mode_search": false,
    "output_artifact_suffix": "",
    "top_k_bagging": 5,
    "baseline_shrinkage": false,
    "beat_baseline_objective": false,
    "bagged_trial_numbers": [
      47,
      77,
      21,
      50,
      89
    ],
    "bagged_alphas": [
      1.0,
      1.0,
      1.0,
      1.0,
      1.0
    ],
    "objective_value_best": 0.07052611918535315
  }
}