{
  "category_count": 40,
  "avg_abs_correlation": 0.0026596727687511405,
  "max_abs_correlation": 0.26610685550987817,
  "pairs_abs_corr_ge_0p8": 0,
  "pairs_abs_corr_ge_0p6": 0,
  "top_eigenvalue_share": 0.8578038506331908,
  "baseline_portfolio_variance": 6.17108135465179e-05,
  "constrained_portfolio_variance": 6.469162346543344e-05,
  "variance_ratio_constrained_vs_baseline": 1.0483028783386332
}