{
  "strategy": "constrained_optuna_mean_downside_both",
  "best_params": {
    "learning_rate": 0.005000000000000002,
    "lambda_penalty": 0.25,
    "rolling_window": 24,
    "domain_limit": 0.08,
    "max_weight": 0.04,
    "uniform_mix": 0.0,
    "evaluation_mode": "online",
    "weight_parameterization": "projected_simplex",
    "concentration_penalty_lambda": 2.0,
    "covariance_penalty_lambda": 0.5,
    "covariance_shrinkage": 0.02,
    "entropy_lambda": 0.0,
    "variance_penalty": 1.0,
    "downside_penalty": 2.0,
    "regime_k": 0.0,
    "macro_integration": "both",
    "lambda_macro_explicit": 0.0,
    "lambda_etf_tracking": 0.0,
    "selection_source": "optuna_qmc",
    "holdout_sortino_ratio": 0.02799069730166935,
    "holdout_max_drawdown": -0.08910415869466526,
    "holdout_mean_return": 3.857231597580242e-05,
    "holdout_volatility": 0.0031956741329887527,
    "max_domain_exposure": 0.028814023360610008,
    "baseline_holdout_sortino": 0.04988760815967124,
    "holdout_sortino_minus_baseline": -0.02189691085800189,
    "top_k_bagging": 10,
    "baseline_shrinkage": true,
    "beat_baseline_objective": true,
    "bagged_trial_numbers": [
      4,
      0,
      6,
      2,
      49,
      1,
      79,
      59,
      23,
      31
    ],
    "bagged_alphas": [
      0.0,
      0.10875708493401592,
      0.25,
      0.30591964825578677,
      0.390625,
      0.3771656881253532,
      0.3671875,
      0.484375,
      0.40625,
      0.59375
    ],
    "best_trial_baseline_alpha": 0.0
  },
  "domain_exposure": {
    "acquisitions": 0.024587756022810936,
    "big-tech": 0.025048956274986267,
    "connecticut-primary": 0.025325346738100052,
    "commodities": 0.024434376507997513,
    "2026-fifa-world-cup": 0.026197170838713646,
    "claude-5": 0.02187720127403736,
    "comex-gold-futures": 0.025476139038801193,
    "comex-silver-futures": 0.024845773354172707,
    "basketball": 0.026981720700860023,
    "anthropic": 0.025202393531799316,
    "2025-predictions": 0.022589687258005142,
    "crypto-prices": 0.024068187922239304,
    "delaware-midterm": 0.026306819170713425,
    "base": 0.028780749067664146,
    "extended": 0.02697908505797386,
    "congress": 0.022189147770404816,
    "elon-musk": 0.025705182924866676,
    "fdv": 0.02444438822567463,
    "business": 0.025033295154571533,
    "awards": 0.028814023360610008,
    "brazil": 0.023944446817040443,
    "california-midterm": 0.025569628924131393,
    "bitcoin": 0.024677081033587456,
    "democratic-primary": 0.026903754100203514,
    "epstein": 0.023027893155813217,
    "fifa-world-cup": 0.02361895889043808,
    "2026-nfl-draft": 0.028814023360610008,
    "best-of-2025": 0.023673055693507195,
    "bundesliga": 0.02794823981821537,
    "climate-science": 0.024646462872624397,
    "abraham-accords": 0.026040682569146156,
    "colombia-election": 0.0241563618183136,
    "champions-league": 0.02452152408659458,
    "bernie-sanders": 0.024845771491527557,
    "celebrities": 0.02362458035349846,
    "airdrops": 0.025519009679555893,
    "felix": 0.023300861939787865,
    "colorado-midterm": 0.024294309318065643,
    "foreign-policy": 0.024317767471075058,
    "economic-policy": 0.021668266505002975
  },
  "feasibility_filter": {
    "applied_threshold": 0.12,
    "feasible_solution_found": true
  },
  "data_split": {
    "tuning_steps": 8464,
    "holdout_steps_total": 2116,
    "holdout_fraction": 0.2,
    "walkforward_train_steps": 240,
    "walkforward_test_steps": 48
  },
  "optuna_summary": {
    "n_trials": 100,
    "n_jobs": 4,
    "completed_trials": 26,
    "pruned_trials": 74,
    "best_trial_number": 4,
    "search_time_sec": 11694.866419557002,
    "sampler": "QMCSampler(sobol)",
    "joint_macro_mode_search": false,
    "output_artifact_suffix": "_macro_both",
    "top_k_bagging": 10,
    "baseline_shrinkage": true,
    "beat_baseline_objective": true,
    "bagged_trial_numbers": [
      4,
      0,
      6,
      2,
      49,
      1,
      79,
      59,
      23,
      31
    ],
    "bagged_alphas": [
      0.0,
      0.10875708493401592,
      0.25,
      0.30591964825578677,
      0.390625,
      0.3771656881253532,
      0.3671875,
      0.484375,
      0.40625,
      0.59375
    ],
    "objective_value_best": 0.0
  }
}