{
  "strategy": "constrained_optuna_mean_downside",
  "best_params": {
    "learning_rate": 0.01463866258060299,
    "lambda_penalty": 0.707450886286626,
    "rolling_window": 96,
    "domain_limit": 0.1522390128001612,
    "max_weight": 0.07842521184653108,
    "uniform_mix": 0.06749187698667877,
    "evaluation_mode": "online",
    "concentration_penalty_lambda": 14.706227448095717,
    "covariance_penalty_lambda": 4.170502275826527,
    "covariance_shrinkage": 0.05,
    "entropy_lambda": 0.0,
    "selection_source": "optuna_bayesian",
    "holdout_sortino_ratio": 0.043379395121985624,
    "holdout_max_drawdown": -0.054935040527865575,
    "holdout_mean_return": 5.889196889156887e-05,
    "holdout_volatility": 0.0025535914096187916,
    "max_domain_exposure": 0.025073958560824394
  },
  "domain_exposure": {
    "big-tech": 0.024917183443903923,
    "france": 0.024990232661366463,
    "commodities": 0.024997228756546974,
    "epstein": 0.024998212233185768,
    "2025-predictions": 0.024995477870106697,
    "foreign-policy": 0.025073958560824394,
    "awards": 0.024971777573227882,
    "bitcoin": 0.025002848356962204,
    "basketball": 0.025013325735926628,
    "congress": 0.025034839287400246,
    "crypto-prices": 0.024997981265187263,
    "anthropic": 0.025021029636263847,
    "delaware-midterm": 0.025002142414450645,
    "celebrities": 0.024997320026159286,
    "2026-fifa-world-cup": 0.02500155195593834,
    "elon-musk": 0.02500098943710327,
    "democratic-primary": 0.024993794038891792,
    "felix": 0.024998774752020836,
    "formula1": 0.024995123967528343,
    "gensyn": 0.02500646375119686,
    "fdv": 0.02499607391655445,
    "champions-league": 0.02497413381934166,
    "best-of-2025": 0.025029504671692848,
    "extended": 0.02499653585255146,
    "gemini-3": 0.024992020800709724,
    "economic-policy": 0.024984540417790413,
    "geopolitics": 0.02500140480697155,
    "business": 0.02498026005923748,
    "claude-5": 0.024975480511784554,
    "airdrops": 0.024999095126986504,
    "colorado-midterm": 0.025001540780067444,
    "arkansas-midterm": 0.025001414120197296,
    "colombia-election": 0.024975992739200592,
    "fifa-world-cup": 0.0250009223818779,
    "ethereum": 0.02500516176223755,
    "climate-science": 0.024997077882289886,
    "databricks": 0.025023333728313446,
    "california-midterm": 0.025030680000782013,
    "brazil": 0.025001149624586105,
    "bundesliga": 0.025026388466358185
  },
  "feasibility_filter": {
    "applied_threshold": 0.12,
    "feasible_solution_found": true
  },
  "data_split": {
    "tuning_steps": 10360,
    "holdout_steps_total": 2590,
    "holdout_fraction": 0.2,
    "walkforward_train_steps": 240,
    "walkforward_test_steps": 48
  },
  "optuna_summary": {
    "n_trials": 100,
    "completed_trials": 16,
    "pruned_trials": 84,
    "best_trial_number": 8,
    "search_time_sec": 4337.717384791991
  }
}