{
  "strategy": "constrained_ogd_mean_downside",
  "best_params": {
    "learning_rate": 0.03,
    "lambda_penalty": 1.0,
    "rolling_window": 96,
    "domain_limit": 0.06,
    "max_weight": 0.03,
    "uniform_mix": 0.1,
    "evaluation_mode": "online",
    "sortino_ratio": 0.22685838029168726,
    "max_drawdown": -0.018810425172859913,
    "mean_return": 0.00010515228246568535,
    "volatility": 0.0016107635180496575,
    "concentration_penalty_lambda": 120.0,
    "covariance_penalty_lambda": 20.0,
    "covariance_shrinkage": 0.05,
    "entropy_lambda": 0.0,
    "max_domain_exposure": 0.01154893939383328,
    "max_domain_exposure_threshold": 0.04,
    "domain_exposure_json": "{\"colombia-election\": 0.01153846806846559, \"basketball\": 0.011538443621248007, \"gensyn\": 0.007692317944020033, \"minnesota-midterm\": 0.0076925179455429316, \"israel-x-iran\": 0.007692357990890741, \"awards\": 0.011538616614416242, \"rhode-island-midterm\": 0.007692319341003895, \"economic-policy\": 0.011538459919393063, \"german-elections\": 0.0076923128217458725, \"ncaa-football\": 0.007692308397963643, \"big-tech\": 0.01153850695118308, \"world-elections\": 0.007692319341003895, \"trump-presidency\": 0.007692339364439249, \"pop-culture\": 0.007692319341003895, \"ncaa-basketball\": 0.0076923680026084185, \"thailand-cambodia\": 0.007692159386351705, \"variational\": 0.007692312356084585, \"democratic-primary\": 0.01153848203830421, \"congress\": 0.011538489256054163, \"commodities\": 0.011538462713360786, \"primaries\": 0.007692293031141162, \"epstein\": 0.007692313753068447, \"trump-zelenskyy\": 0.0076923014130443335, \"delaware-midterm\": 0.007692320737987757, \"iranian-leadership-regime\": 0.00769232795573771, \"2025-predictions\": 0.01153848273679614, \"crypto-prices\": 0.011538477148860693, \"california-midterm\": 0.01153854257427156, \"elon-musk\": 0.011538451770320535, \"macro-election-1\": 0.00769234262406826, \"ostium\": 0.007692310027778149, \"solstice\": 0.007692319108173251, \"the-masters\": 0.007692329585552216, \"nov-4-elections\": 0.007692351238802075, \"2026-fifa-world-cup\": 0.011538495076820254, \"claude-5\": 0.011538439430296421, \"macro-indicators\": 0.007692316547036171, \"politics\": 0.007692325161769986, \"reya\": 0.00769234704785049, \"primary-elections\": 0.0076923302840441465, \"new-hampshire-primary\": 0.007692327490076423, \"formula1\": 0.007692327490076423, \"rhode-island-primary\": 0.007692343555390835, \"anthropic\": 0.011538509046658874, \"nba-champion\": 0.007692320737987757, \"senate-elections\": 0.007692300481721759, \"new-mexico-midterm\": 0.007692317944020033, \"felix\": 0.007692327024415135, \"geopolitics\": 0.007692319341003895, \"ligue-1\": 0.007692328654229641, \"south-dakota-midterm\": 0.007692315615713596, \"trump-netanyahu\": 0.007692331448197365, \"la-liga\": 0.007692298386245966, \"hockey\": 0.007692327490076423, \"tech\": 0.007692322600632906, \"new-mexico-primary\": 0.007692321203649044, \"champions-league\": 0.011538461316376925, \"senate-midterms\": 0.007692320272326469, \"michigan-midterm\": 0.007692433428019285, \"tariffs\": 0.007692311191931367, \"warner-bros\": 0.007692263927310705, \"middle-east\": 0.00769161363132298, \"gemini-3\": 0.007692328887060285, \"climate-science\": 0.011538468999788165, \"business\": 0.011538447812199593, \"nba\": 0.007692311890423298, \"extended\": 0.011538470862433314, \"brazil\": 0.011538492050021887, \"natural-disasters\": 0.007692334474995732, \"macro-geopolitics\": 0.003846158506348729, \"new-york-city\": 0.007692321902140975, \"south-carolina-primary\": 0.007692318642511964, \"republican-primary\": 0.00769230374135077, \"best-of-2025\": 0.011538488790392876, \"mayoral-elections\": 0.007692311424762011, \"west-virginia-primary\": 0.007692344253882766, \"ethereum\": 0.011538478080183268, \"fdv\": 0.007692314218729734, \"fifa-world-cup\": 0.007692345883697271, \"referendums-midterms\": 0.003846157109364867, \"league-of-legends\": 0.0076923316810280085, \"massachusetts-primary\": 0.007692257175222039, \"databricks\": 0.011538054328411818, \"bitcoin\": 0.011538488091900945, \"grooming-gangs\": 0.007692305603995919, \"turkey\": 0.007692121434956789, \"prediction-markets\": 0.0076923256274312735, \"sam-altman\": 0.007692311890423298, \"token-launch\": 0.007692310959100723, \"military-action\": 0.007692280691117048, \"soccer\": 0.0076923000160604715, \"governor-midterms\": 0.007692332612350583, \"bundesliga\": 0.01153848716057837, \"arkansas-midterm\": 0.007692321203649044, \"rhineland-palatinate\": 0.007692295592278242, \"new-hampshire-midterm\": 0.007692322134971619, \"colorado-midterm\": 0.01153851835988462, \"uefa-europa-league\": 0.007692321203649044, \"russia-capture\": 0.007692316547036171, \"military-strikes\": 0.0038461731746792793, \"other\": 0.007692322134971619, \"ukraine-map\": 0.007692341227084398, \"airdrops\": 0.011538483900949359, \"stanley-cup\": 0.007692332379519939, \"foreign-policy\": 0.007692338898777962, \"theo\": 0.007692323764786124, \"ukraine-peace-deal\": 0.007692316081374884, \"midterms\": 0.007692315615713596, \"jerome-powell\": 0.007692378247156739, \"celebrities\": 0.011538479011505842, \"ghislaine-maxwell\": 0.0038461557123810053, \"trump\": 0.007692321436479688, \"token-sales\": 0.007692307932302356, \"nebraska-midterm\": 0.007692317944020033, \"trump-x-al-sharaa\": 0.0076923128217458725, \"france\": 0.007692320737987757, \"serie-a\": 0.007692330749705434, \"usdptai\": 0.007692315150052309}",
    "selection_source": "walkforward_tuning",
    "holdout_sortino_ratio": 0.31372250706538507,
    "holdout_max_drawdown": -0.01743160855715087,
    "holdout_mean_return": 0.0001691083042161454,
    "holdout_volatility": 0.0021145480022125153
  },
  "domain_exposure": {
    "colombia-election": 0.011537870625033975,
    "basketball": 0.011536685982719064,
    "gensyn": 0.007692722603678703,
    "minnesota-midterm": 0.007709782104939222,
    "israel-x-iran": 0.007696783170104027,
    "awards": 0.01154893939383328,
    "rhode-island-midterm": 0.007692648796364665,
    "economic-policy": 0.011537430807948112,
    "german-elections": 0.007692798040807247,
    "ncaa-football": 0.007692223181948066,
    "big-tech": 0.011542289750650525,
    "world-elections": 0.00769249233417213,
    "trump-presidency": 0.007694244617596269,
    "pop-culture": 0.007692416198551655,
    "ncaa-basketball": 0.007697827648371458,
    "thailand-cambodia": 0.007680641720071435,
    "variational": 0.007692393381148577,
    "democratic-primary": 0.011538925347849727,
    "congress": 0.011540120001882315,
    "commodities": 0.011538569815456867,
    "primaries": 0.0076906196773052216,
    "epstein": 0.0076924420427531,
    "trump-zelenskyy": 0.007692032493650913,
    "delaware-midterm": 0.007692511426284909,
    "iranian-leadership-regime": 0.00769340293481946,
    "2025-predictions": 0.011539934435859323,
    "crypto-prices": 0.011539482045918703,
    "california-midterm": 0.011543897446244955,
    "elon-musk": 0.01153824245557189,
    "macro-election-1": 0.007695012027397752,
    "ostium": 0.00769228907302022,
    "solstice": 0.007693504448980093,
    "the-masters": 0.007694283267483115,
    "nov-4-elections": 0.0076955880504101515,
    "2026-fifa-world-cup": 0.011539962375536561,
    "claude-5": 0.011536967940628529,
    "macro-indicators": 0.007692588260397315,
    "politics": 0.007693276274949312,
    "reya": 0.007695156615227461,
    "primary-elections": 0.00769339594990015,
    "new-hampshire-primary": 0.00769367185421288,
    "formula1": 0.007693863939493895,
    "rhode-island-primary": 0.007696145214140415,
    "anthropic": 0.011542837833985686,
    "nba-champion": 0.007692411541938782,
    "senate-elections": 0.007692426210269332,
    "new-mexico-midterm": 0.007692340295761824,
    "felix": 0.007693773601204157,
    "geopolitics": 0.007692806655541062,
    "ligue-1": 0.0076929430942982435,
    "south-dakota-midterm": 0.007692545652389526,
    "trump-netanyahu": 0.007694260450080037,