{
  "strategy": "constrained_optuna_mean_downside_rescale",
  "best_params": {
    "learning_rate": 0.006772522954568018,
    "lambda_penalty": 0.49257393007398953,
    "rolling_window": 96,
    "domain_limit": 0.08849263245883535,
    "max_weight": 0.047961629819431945,
    "uniform_mix": 0.04314083416080114,
    "evaluation_mode": "online",
    "weight_parameterization": "projected_simplex",
    "concentration_penalty_lambda": 7.2667884022354885,
    "covariance_penalty_lambda": 3.735750517511268,
    "covariance_shrinkage": 0.034882804583320874,
    "entropy_lambda": 0.0,
    "variance_penalty": 1.4177140944264428,
    "downside_penalty": 2.0104801965035572,
    "regime_k": 0.6053836469201967,
    "macro_integration": "rescale",
    "lambda_macro_explicit": 0.0,
    "lambda_etf_tracking": 0.0,
    "selection_source": "optuna_qmc",
    "holdout_sortino_ratio": 0.21579118872480668,
    "holdout_max_drawdown": -0.23847390671392454,
    "holdout_mean_return": 0.0010124671321054184,
    "holdout_volatility": 0.018333113556922218,
    "max_domain_exposure": 0.09178369864821434,
    "baseline_holdout_sortino": 0.29313377995415135,
    "holdout_sortino_minus_baseline": -0.07734259122934467,
    "top_k_bagging": 5,
    "baseline_shrinkage": false,
    "beat_baseline_objective": false,
    "bagged_trial_numbers": [
      3,
      1,
      4,
      2,
      0
    ],
    "bagged_alphas": [
      1.0,
      1.0,
      1.0,
      1.0,
      1.0
    ],
    "best_trial_baseline_alpha": 1.0
  },
  "domain_exposure": {
    "republican-primary": 0.055506039410829544,
    "serie-a": 0.05519763380289078,
    "claude-5": 0.044317908585071564,
    "economic-policy": 0.05408906191587448,
    "ligue-1": 0.09178369864821434,
    "south-carolina-primary": 0.05174114182591438,
    "grooming-gangs": 0.08724476024508476,
    "tennis": 0.054706960916519165,
    "nba-champion": 0.05007622390985489,
    "airdrops": 0.05296974629163742,
    "hockey": 0.05050121620297432,
    "best-of-2025": 0.045906953513622284,
    "south-dakota-midterm": 0.051868218928575516,
    "primaries": 0.05183880776166916,
    "bundesliga": 0.04767955467104912,
    "nba": 0.04954938963055611,
    "uefa-europa-league": 0.05112125352025032,
    "west-virginia-primary": 0.053901247680187225
  },
  "feasibility_filter": {
    "applied_threshold": 0.12,
    "feasible_solution_found": true
  },
  "data_split": {
    "tuning_steps": 5484,
    "holdout_steps_total": 1371,
    "holdout_fraction": 0.2,
    "walkforward_train_steps": 240,
    "walkforward_test_steps": 48
  },
  "optuna_summary": {
    "n_trials": 5,
    "n_jobs": 4,
    "completed_trials": 5,
    "pruned_trials": 0,
    "best_trial_number": 3,
    "search_time_sec": 1114.2111327910097,
    "sampler": "QMCSampler(sobol)",
    "joint_macro_mode_search": false,
    "output_artifact_suffix": "",
    "top_k_bagging": 5,
    "baseline_shrinkage": false,
    "beat_baseline_objective": false,
    "bagged_trial_numbers": [
      3,
      1,
      4,
      2,
      0
    ],
    "bagged_alphas": [
      1.0,
      1.0,
      1.0,
      1.0,
      1.0
    ],
    "objective_value_best": 0.12496434327383543
  }
}