{
  "strategy": "constrained_optuna_mean_downside_both",
  "best_params": {
    "learning_rate": 0.044884356622365715,
    "lambda_penalty": 0.89453125,
    "rolling_window": 48,
    "domain_limit": 0.11687499999999999,
    "max_weight": 0.0559375,
    "uniform_mix": 0.0078125,
    "evaluation_mode": "online",
    "weight_parameterization": "projected_simplex",
    "concentration_penalty_lambda": 11.628626935730919,
    "covariance_penalty_lambda": 4.109194707036305,
    "covariance_shrinkage": 0.07125000000000001,
    "entropy_lambda": 0.0,
    "variance_penalty": 1.890625,
    "downside_penalty": 2.015625,
    "regime_k": 0.08750000000000001,
    "macro_integration": "both",
    "lambda_macro_explicit": 2.421875,
    "lambda_etf_tracking": 0.0,
    "selection_source": "optuna_qmc",
    "holdout_sortino_ratio": 0.127957023338281,
    "holdout_max_drawdown": -0.08381041953725132,
    "holdout_mean_return": 0.00016291216592372235,
    "holdout_volatility": 0.005283844956554572,
    "max_domain_exposure": 0.03889325261116028,
    "baseline_holdout_sortino": 0.12400409336121024,
    "holdout_sortino_minus_baseline": 0.0039529299770707516,
    "top_k_bagging": 5,
    "baseline_shrinkage": false,
    "beat_baseline_objective": false,
    "bagged_trial_numbers": [
      57,
      62,
      54,
      65,
      14
    ],
    "bagged_alphas": [
      1.0,
      1.0,
      1.0,
      1.0,
      1.0
    ],
    "best_trial_baseline_alpha": 1.0
  },
  "domain_exposure": {
    "acquisitions": 0.026560772210359573,
    "big-tech": 0.024986792355775833,
    "connecticut-primary": 0.02971506677567959,
    "climate-science": 0.021169152110815048,
    "comex-silver-futures": 0.01602535881102085,
    "commodities": 0.024566778913140297,
    "2026-fifa-world-cup": 0.025977158918976784,
    "claude-5": 0.012482305988669395,
    "crypto-prices": 0.026344234123826027,
    "anthropic": 0.027925018221139908,
    "2025-predictions": 0.019904764369130135,
    "economic-policy": 0.02047388069331646,
    "delaware-midterm": 0.03070235624909401,
    "base": 0.032606083899736404,
    "comex-gold-futures": 0.026141023263335228,
    "basketball": 0.01763686165213585,
    "extended": 0.029812302440404892,
    "elon-musk": 0.025036349892616272,
    "colombia-election": 0.03077157773077488,
    "fdv": 0.020996877923607826,
    "congress": 0.02124772034585476,
    "best-of-2025": 0.021350886672735214,
    "awards": 0.03889325261116028,
    "brazil": 0.022865314036607742,
    "bitcoin": 0.02295764721930027,
    "democratic-primary": 0.028796205297112465,
    "airdrops": 0.026517415419220924,
    "epstein": 0.019790221005678177,
    "2026-nfl-draft": 0.03889325261116028,
    "bundesliga": 0.03348374366760254,
    "abraham-accords": 0.030975813046097755,
    "business": 0.020117441192269325,
    "champions-league": 0.024928679689764977,
    "fifa-world-cup": 0.031151365488767624,
    "bernie-sanders": 0.02314073219895363,
    "celebrities": 0.018049363046884537,
    "felix": 0.016963308677077293,
    "colorado-midterm": 0.02144133672118187,
    "foreign-policy": 0.022618349641561508,
    "california-midterm": 0.02598343789577484
  },
  "feasibility_filter": {
    "applied_threshold": 0.12,
    "feasible_solution_found": true
  },
  "data_split": {
    "tuning_steps": 8619,
    "holdout_steps_total": 2155,
    "holdout_fraction": 0.2,
    "walkforward_train_steps": 240,
    "walkforward_test_steps": 48
  },
  "optuna_summary": {
    "n_trials": 100,
    "n_jobs": 4,
    "completed_trials": 96,
    "pruned_trials": 4,
    "best_trial_number": 57,
    "search_time_sec": 45406.843949092,
    "sampler": "QMCSampler(sobol)",
    "joint_macro_mode_search": false,
    "output_artifact_suffix": "_macro_both",
    "top_k_bagging": 5,
    "baseline_shrinkage": false,
    "beat_baseline_objective": false,
    "bagged_trial_numbers": [
      57,
      62,
      54,
      65,
      14
    ],
    "bagged_alphas": [
      1.0,
      1.0,
      1.0,
      1.0,
      1.0
    ],
    "objective_value_best": 0.039417320212539915
  }
}