{
  "strategy": "dynamic_copula_kelly_ogd",
  "best_params": {
    "lr_w": 0.010070203170590314,
    "lr_theta": 0.0009109991767558928,
    "rolling_window": 96,
    "mc_samples": 256,
    "turnover_lambda": 0.04949727389030159,
    "copula_shrinkage": 0.06755319293588401,
    "copula_temperature": 0.1,
    "mlp_hidden_dim": 8,
    "concentration_penalty_lambda": 2.2674053786168895,
    "max_weight": 0.07762377463281155,
    "weight_parameterization": "projected_simplex",
    "optimizer_type": "adam",
    "selection_source": "optuna_qmc_kelly",
    "max_domain_exposure": 0.07154913493376286
  },
  "kelly_metrics": {
    "holdout_log_wealth_total": 0.5842886262445465,
    "holdout_log_wealth_per_step": 5.112333767123514e-05,
    "holdout_total_turnover_l1": 314.57141638631003,
    "holdout_avg_turnover_l1": 0.027523966785047687,
    "holdout_max_turnover_l1": 0.9768172548152506,
    "holdout_max_drawdown": -0.12406005626987526,
    "holdout_mean_realized_return": 5.502188247107597e-05,
    "holdout_volatility": 0.002834969552898926,
    "holdout_steps": 11429,
    "mlp_param_count": 7124,
    "copula_off_diag_abs_mean": 0.5439831018447876,
    "pd_fallback_steps": 170816
  },
  "domain_exposure": {
    "basketball": 0.006185488020269642,
    "2025-predictions": 0.046021989486491895,
    "epstein": 0.009068818034821718,
    "gemini-3": 0.0706279325771675,
    "awards": 0.06943019242351454,
    "bitcoin": 0.007070596655318854,
    "business": 0.005091403281622986,
    "crypto-prices": 0.013048978756220074,
    "anthropic": 0.057198063355002306,
    "congress": 0.01236729097162581,
    "delaware-midterm": 0.012456282751414402,
    "2026-fifa-world-cup": 0.008845180129710108,
    "extended": 0.006066076149221349,
    "elon-musk": 0.005938040602269169,
    "formula1": 0.03688944540529817,
    "fdv": 0.006194818885179725,
    "champions-league": 0.07154913493376286,
    "brazil": 0.014956007072248183,
    "best-of-2025": 0.06163023158670598,
    "commodities": 0.005571894027178241,
    "democratic-primary": 0.0065086506224370025,
    "bundesliga": 0.06932480582720167,
    "felix": 0.02459689169905726,
    "airdrops": 0.008616617879652747,
    "gensyn": 0.006172475873284258,
    "claude-5": 0.01553477385533157,
    "france": 0.060104236724806095,
    "german-elections": 0.007087828517099862,
    "colorado-midterm": 0.006983403459580623,
    "celebrities": 0.00827417785216583,
    "arkansas-midterm": 0.01019203162089404,
    "ghislaine-maxwell": 0.008832201522609908,
    "colombia-election": 0.07023833512963924,
    "fifa-world-cup": 0.00565165995823473,
    "ethereum": 0.013113734064116195,
    "big-tech": 0.07087659148939567,
    "databricks": 0.05008856806033288,
    "climate-science": 0.010880738670435595,
    "california-midterm": 0.012820148419405092,
    "geopolitics": 0.007894276110829119
  },
  "data_split": {
    "tuning_steps": 45712,
    "holdout_steps_total": 11429,
    "holdout_fraction": 0.2,
    "walkforward_train_steps": 240,
    "walkforward_test_steps": 48,
    "rolling_window_used": 96
  },
  "optuna_summary": {
    "n_trials": 100,
    "n_jobs": 4,
    "completed_trials": 100,
    "pruned_trials": 0,
    "best_trial_number": 46,
    "search_time_sec": 146817.772842521,
    "sampler": "QMCSampler(sobol)",
    "selection_objective": "mean_log_wealth - lambda_sel * mean_turnover",
    "selection_turnover_penalty": 0.05,
    "objective_value_best": -0.00218188318928264
  }
}