{
  "strategy": "constrained_optuna_mean_downside_both",
  "best_params": {
    "learning_rate": 0.011437866001591983,
    "lambda_penalty": 0.58984375,
    "rolling_window": 24,
    "domain_limit": 0.115625,
    "max_weight": 0.0465625,
    "uniform_mix": 0.0734375,
    "evaluation_mode": "online",
    "weight_parameterization": "projected_simplex",
    "concentration_penalty_lambda": 28.754052764458567,
    "covariance_penalty_lambda": 3.103024166788022,
    "covariance_shrinkage": 0.08875000000000001,
    "entropy_lambda": 0.0,
    "variance_penalty": 1.921875,
    "downside_penalty": 2.984375,
    "regime_k": 0.1625,
    "macro_integration": "both",
    "lambda_macro_explicit": 2.578125,
    "lambda_etf_tracking": 0.0,
    "selection_source": "optuna_qmc",
    "holdout_sortino_ratio": 0.17469434230542047,
    "holdout_max_drawdown": -0.209061767349079,
    "holdout_mean_return": 0.0007388140247896332,
    "holdout_volatility": 0.02046700805994857,
    "max_domain_exposure": 0.09937962144613266,
    "baseline_holdout_sortino": 0.1704567330023236,
    "holdout_sortino_minus_baseline": 0.0042376093030968565,
    "top_k_bagging": 5,
    "baseline_shrinkage": true,
    "beat_baseline_objective": false,
    "bagged_trial_numbers": [
      48,
      99,
      31,
      62,
      82
    ],
    "bagged_alphas": [
      0.890625,
      0.5859375,
      0.59375,
      0.421875,
      0.7421875
    ],
    "best_trial_baseline_alpha": 0.890625
  },
  "domain_exposure": {
    "roland-garros": 0.050221700221300125,
    "epstein": 0.05023766681551933,
    "hockey": 0.09925482049584389,
    "serie-a": 0.050275396555662155,
    "comex-silver-futures": 0.0502668134868145,
    "basketball": 0.04998954385519028,
    "ligue-1": 0.09929237142205238,
    "la-liga": 0.09937962144613266,
    "nba": 0.05021734908223152,
    "new-mexico-primary": 0.05020923167467117,
    "league-of-legends": 0.050239719450473785,
    "tennis": 0.04919376224279404,
    "airdrops": 0.0502743236720562,
    "south-dakota-primary": 0.050263166427612305,
    "primaries": 0.05023237317800522,
    "awards": 0.050257205963134766,
    "nba-champion": 0.05019484832882881
  },
  "feasibility_filter": {
    "applied_threshold": 0.12,
    "feasible_solution_found": true
  },
  "data_split": {
    "tuning_steps": 5543,
    "holdout_steps_total": 1386,
    "holdout_fraction": 0.2,
    "walkforward_train_steps": 240,
    "walkforward_test_steps": 48
  },
  "optuna_summary": {
    "n_trials": 100,
    "n_jobs": 4,
    "completed_trials": 87,
    "pruned_trials": 13,
    "best_trial_number": 48,
    "search_time_sec": 25672.47645616706,
    "sampler": "QMCSampler(sobol)",
    "joint_macro_mode_search": false,
    "output_artifact_suffix": "_macro_both",
    "top_k_bagging": 5,
    "baseline_shrinkage": true,
    "beat_baseline_objective": false,
    "bagged_trial_numbers": [
      48,
      99,
      31,
      62,
      82
    ],
    "bagged_alphas": [
      0.890625,
      0.5859375,
      0.59375,
      0.421875,
      0.7421875
    ],
    "objective_value_best": 0.09917284442819697
  }
}