{
  "strategy": "constrained_optuna_mean_downside_rescale",
  "best_params": {
    "learning_rate": 0.04218528007668403,
    "lambda_penalty": 1.53515625,
    "rolling_window": 24,
    "domain_limit": 0.13046875,
    "max_weight": 0.11046875,
    "uniform_mix": 0.003125,
    "evaluation_mode": "online",
    "weight_parameterization": "projected_simplex",
    "concentration_penalty_lambda": 38.88265761728865,
    "covariance_penalty_lambda": 2.825712485591322,
    "covariance_shrinkage": 0.08125,
    "entropy_lambda": 0.0190625,
    "variance_penalty": 1.4609375,
    "downside_penalty": 2.96875,
    "regime_k": 0.08750000000000001,
    "macro_integration": "rescale",
    "lambda_macro_explicit": 0.0,
    "lambda_etf_tracking": 0.1,
    "selection_source": "optuna_qmc",
    "holdout_sortino_ratio": 0.03325603195836573,
    "holdout_max_drawdown": -0.07722219378257189,
    "holdout_mean_return": 5.146187881365783e-05,
    "holdout_volatility": 0.0034764013059713794,
    "max_domain_exposure": 0.02559717185795307
  },
  "domain_exposure": {
    "acquisitions": 0.024781320244073868,
    "big-tech": 0.025033533573150635,
    "connecticut-primary": 0.024939971044659615,
    "commodities": 0.024957867339253426,
    "2026-fifa-world-cup": 0.02479327656328678,
    "claude-5": 0.024609142914414406,
    "comex-silver-futures": 0.024965398013591766,
    "basketball": 0.024944452568888664,
    "anthropic": 0.024936605244874954,
    "climate-science": 0.02527865581214428,
    "2025-predictions": 0.025014331564307213,
    "crypto-prices": 0.02494439296424389,
    "delaware-midterm": 0.024944458156824112,
    "celebrities": 0.0247541181743145,
    "base": 0.02500290982425213,
    "extended": 0.025142116472125053,
    "elon-musk": 0.025043325498700142,
    "bernie-sanders": 0.025157051160931587,
    "colombia-election": 0.02501293644309044,
    "fdv": 0.024899061769247055,
    "business": 0.0248479675501585,
    "congress": 0.024897951632738113,
    "awards": 0.024944454431533813,
    "brazil": 0.02522488310933113,
    "california-midterm": 0.024793285876512527,
    "bitcoin": 0.024995554238557816,
    "democratic-primary": 0.02497304603457451,
    "foreign-policy": 0.02502194419503212,
    "epstein": 0.02486991696059704,
    "fifa-world-cup": 0.025233803316950798,
    "2026-nfl-draft": 0.024944454431533813,
    "best-of-2025": 0.025347599759697914,
    "bundesliga": 0.02495119534432888,
    "abraham-accords": 0.025110650807619095,
    "champions-league": 0.024969974532723427,
    "comex-gold-futures": 0.025333458557724953,
    "airdrops": 0.02529940754175186,
    "felix": 0.02559717185795307,
    "colorado-midterm": 0.024887679144740105,
    "economic-policy": 0.02460048906505108
  },
  "feasibility_filter": {
    "applied_threshold": 0.12,
    "feasible_solution_found": true
  },
  "data_split": {
    "tuning_steps": 8251,
    "holdout_steps_total": 2063,
    "holdout_fraction": 0.2,
    "walkforward_train_steps": 240,
    "walkforward_test_steps": 48
  },
  "optuna_summary": {
    "n_trials": 100,
    "n_jobs": 4,
    "completed_trials": 65,
    "pruned_trials": 35,
    "best_trial_number": 53,
    "search_time_sec": 28115.477326881002,
    "sampler": "QMCSampler(sobol)",
    "joint_macro_mode_search": false,
    "output_artifact_suffix": ""
  }
}