{
  "strategy": "dynamic_copula_kelly_ogd",
  "best_params": {
    "lr_w": 0.010070203170590314,
    "lr_theta": 0.0009109991767558928,
    "rolling_window": 48,
    "mc_samples": 1024,
    "turnover_lambda": 0.04949727389030159,
    "copula_shrinkage": 0.06755319293588401,
    "copula_temperature": 0.1,
    "mlp_hidden_dim": 8,
    "concentration_penalty_lambda": 2.2674053786168895,
    "max_weight": 0.07762377463281155,
    "weight_parameterization": "projected_simplex",
    "optimizer_type": "adam",
    "selection_source": "optuna_qmc_kelly",
    "max_domain_exposure": 0.07360532514161638
  },
  "kelly_metrics": {
    "holdout_log_wealth_total": 0.6776686980070886,
    "holdout_log_wealth_per_step": 5.929378755858681e-05,
    "holdout_total_turnover_l1": 231.88231999745477,
    "holdout_avg_turnover_l1": 0.020288942164446124,
    "holdout_max_turnover_l1": 1.0885528730403167,
    "holdout_max_drawdown": -0.1082767412144946,
    "holdout_mean_realized_return": 6.377356987550761e-05,
    "holdout_volatility": 0.0030538332411435545,
    "holdout_steps": 11429,
    "mlp_param_count": 7124,
    "copula_off_diag_abs_mean": 0.5139945149421692,
    "pd_fallback_steps": 171170
  },
  "domain_exposure": {
    "basketball": 0.004464195367138683,
    "2025-predictions": 0.04854445064840311,
    "epstein": 0.006221389434380858,
    "gemini-3": 0.07296063199375952,
    "awards": 0.07222952454224828,
    "bitcoin": 0.004610203191816551,
    "business": 0.003558311073257221,
    "crypto-prices": 0.01240830219887954,
    "anthropic": 0.05626130496876252,
    "congress": 0.00949178068382042,
    "delaware-midterm": 0.008168554780842857,
    "2026-fifa-world-cup": 0.007438685817687621,
    "extended": 0.003971612135096846,
    "elon-musk": 0.0038592277295155363,
    "formula1": 0.0686903150268313,
    "fdv": 0.0037098494300969553,
    "champions-league": 0.06996801007538708,
    "brazil": 0.009671958605040668,
    "best-of-2025": 0.05988185041165146,
    "commodities": 0.0036426994516991083,
    "democratic-primary": 0.0036515122781256137,
    "bundesliga": 0.07056344698983202,
    "felix": 0.01939704357028638,
    "airdrops": 0.005945884744142952,
    "gensyn": 0.00431834563217904,
    "claude-5": 0.012827220430864459,
    "france": 0.0647437668277782,
    "german-elections": 0.00676766761660247,
    "colorado-midterm": 0.00722267242070642,
    "celebrities": 0.004760773541893514,
    "arkansas-midterm": 0.008934582064092311,
    "ghislaine-maxwell": 0.008105253527530384,
    "colombia-election": 0.07339338865334859,
    "fifa-world-cup": 0.004292661383962879,
    "ethereum": 0.008839148094890479,
    "big-tech": 0.06829524405515093,
    "databricks": 0.07360532514161638,
    "climate-science": 0.007622741313918435,
    "california-midterm": 0.010128514418257087,
    "geopolitics": 0.006831962785860102
  },
  "data_split": {
    "tuning_steps": 45712,
    "holdout_steps_total": 11429,
    "holdout_fraction": 0.2,
    "walkforward_train_steps": 240,
    "walkforward_test_steps": 48,
    "rolling_window_used": 48
  },
  "optuna_summary": {
    "n_trials": 100,
    "n_jobs": 4,
    "completed_trials": 100,
    "pruned_trials": 0,
    "best_trial_number": 46,
    "search_time_sec": 147526.163583868,
    "sampler": "QMCSampler(sobol)",
    "selection_objective": "mean_log_wealth - lambda_sel * mean_turnover",
    "selection_turnover_penalty": 0.05,
    "objective_value_best": -0.0019575469273070785
  }
}