{
  "strategy": "constrained_ogd_sgd",
  "best_params": {
    "learning_rate": 0.05,
    "lambda_penalty": 1.0,
    "rolling_window": 24,
    "max_weight": 0.05,
    "uniform_mix": 0.88,
    "sortino_ratio": 0.05165006575978517,
    "max_drawdown": -0.07915772813019017,
    "mean_return": 0.00014675037411849095,
    "volatility": 0.005250511987486695,
    "concentration_penalty_lambda": 80.0,
    "entropy_lambda": 0.02,
    "max_domain_exposure": 0.025603948161005974,
    "max_domain_exposure_threshold": 0.05,
    "domain_exposure_json": "{\"democratic-primary\": 0.02431546524167061, \"ukraine-peace-deal\": 0.024320503696799278, \"la-liga\": 0.024324363097548485, \"hide-from-china\": 0.024324161931872368, \"the-masters\": 0.0243019200861454, \"2025-predictions\": 0.02433423139154911, \"iranian-leadership-regime\": 0.024398474022746086, \"macro-election-1\": 0.02461940608918667, \"2026-fifa-world-cup\": 0.024327803403139114, \"politics\": 0.02446644939482212, \"mayoral-elections\": 0.024319736286997795, \"middle-east\": 0.02431008592247963, \"macro-geopolitics\": 0.024321138858795166, \"uefa-europa-league\": 0.024316761642694473, \"midterms\": 0.02431448921561241, \"ligue-1\": 0.02431860752403736, \"referendum\": 0.024343864992260933, \"business\": 0.024302508682012558, \"soccer\": 0.024324363097548485, \"champions-league\": 0.024330615997314453, \"basketball\": 0.024307390674948692, \"world-elections\": 0.024324363097548485, \"bundesliga\": 0.024367790669202805, \"california-midterm\": 0.02432720549404621, \"nba-champion\": 0.024324363097548485, \"conference-championship\": 0.025404874235391617, \"ncaa-football\": 0.02543848194181919, \"ncaa-basketball\": 0.02430299110710621, \"stanley-cup\": 0.024331003427505493, \"hockey\": 0.024320857599377632, \"big-tech\": 0.02434394881129265, \"trump-presidency\": 0.024324607104063034, \"economic-policy\": 0.02431023120880127, \"nba\": 0.024375537410378456, \"token-sales\": 0.02432241663336754, \"pop-culture\": 0.02432413585484028, \"awards\": 0.02431577257812023, \"serie-a\": 0.024327648803591728, \"foreign-policy\": 0.024326514452695847, \"france\": 0.024324363097548485, \"geopolitics\": 0.0243204478174448}",
    "selection_source": "walkforward_tuning",
    "holdout_sortino_ratio": -0.0005178079385869046,
    "holdout_max_drawdown": -0.08287157483541474,
    "holdout_mean_return": -1.3797456655728154e-06,
    "holdout_volatility": 0.0020565110340208794
  },
  "domain_exposure": {
    "democratic-primary": 0.0241092499345541,
    "ukraine-peace-deal": 0.02410200797021389,
    "la-liga": 0.024283863604068756,
    "hide-from-china": 0.02416207455098629,
    "the-masters": 0.024311376735568047,
    "2025-predictions": 0.023990929126739502,
    "iranian-leadership-regime": 0.024401575326919556,
    "macro-election-1": 0.025603948161005974,
    "2026-fifa-world-cup": 0.02428758516907692,
    "politics": 0.02434723451733589,
    "mayoral-elections": 0.024942485615611076,
    "middle-east": 0.024399563670158386,
    "macro-geopolitics": 0.02434283308684826,
    "uefa-europa-league": 0.024312235414981842,
    "midterms": 0.024323631078004837,
    "ligue-1": 0.02416280098259449,
    "referendum": 0.024302849546074867,
    "business": 0.024277769029140472,
    "soccer": 0.02429972030222416,
    "champions-league": 0.024283863604068756,
    "basketball": 0.02421995811164379,
    "world-elections": 0.024283863604068756,
    "bundesliga": 0.024194257333874702,
    "california-midterm": 0.024785462766885757,
    "nba-champion": 0.024283863604068756,
    "conference-championship": 0.02543509379029274,
    "ncaa-football": 0.024283863604068756,
    "ncaa-basketball": 0.024307455867528915,
    "stanley-cup": 0.024598553776741028,
    "hockey": 0.02443968690931797,
    "big-tech": 0.02511746995151043,
    "trump-presidency": 0.024283863604068756,
    "economic-policy": 0.024371568113565445,
    "nba": 0.02430623769760132,
    "token-sales": 0.024269379675388336,
    "pop-culture": 0.024281419813632965,
    "awards": 0.024306094273924828,
    "serie-a": 0.024283863604068756,
    "foreign-policy": 0.024136982858181,
    "france": 0.024283863604068756,
    "geopolitics": 0.02428126148879528
  },
  "feasibility_filter": {
    "applied_threshold": 0.05,
    "feasible_solution_found": true
  },
  "data_split": {
    "tuning_steps": 9020,
    "holdout_steps_total": 2280,
    "holdout_fraction": 0.2,
    "walkforward_train_steps": 120,
    "walkforward_test_steps": 24
  }
}