{
  "strategy": "constrained_optuna_mean_downside_both",
  "best_params": {
    "learning_rate": 0.01962094879242268,
    "lambda_penalty": 0.9765625,
    "rolling_window": 24,
    "domain_limit": 0.11875,
    "max_weight": 0.049375,
    "uniform_mix": 0.034375,
    "evaluation_mode": "online",
    "weight_parameterization": "projected_simplex",
    "concentration_penalty_lambda": 24.726954371635134,
    "covariance_penalty_lambda": 2.036234609539774,
    "covariance_shrinkage": 0.0225,
    "entropy_lambda": 0.0,
    "variance_penalty": 1.96875,
    "downside_penalty": 2.65625,
    "regime_k": 0.47500000000000003,
    "macro_integration": "both",
    "lambda_macro_explicit": 4.53125,
    "lambda_etf_tracking": 0.0,
    "selection_source": "optuna_qmc",
    "holdout_sortino_ratio": -0.030091586069927585,
    "holdout_max_drawdown": -0.17387538038347738,
    "holdout_mean_return": -4.464747777712052e-05,
    "holdout_volatility": 0.00321885298990352,
    "max_domain_exposure": 0.04456533119082451,
    "baseline_holdout_sortino": 0.017888492919114797,
    "holdout_sortino_minus_baseline": -0.047980078989042385,
    "top_k_bagging": 3,
    "baseline_shrinkage": false,
    "beat_baseline_objective": false,
    "bagged_trial_numbers": [
      21,
      182,
      46
    ],
    "bagged_alphas": [
      1.0,
      1.0,
      1.0
    ],
    "best_trial_baseline_alpha": 1.0
  },
  "domain_exposure": {
    "acquisitions": 0.02993694134056568,
    "big-tech": 0.02145276963710785,
    "celebrities": 0.026046058163046837,
    "connecticut-primary": 0.030283749103546143,
    "commodities": 0.0245839711278677,
    "epstein": 0.01857353001832962,
    "congress": 0.019772613421082497,
    "2026-fifa-world-cup": 0.017801577225327492,
    "crypto-prices": 0.023162946105003357,
    "comex-silver-futures": 0.02164592407643795,
    "anthropic": 0.029145153239369392,
    "2025-predictions": 0.012634442187845707,
    "delaware-midterm": 0.029734859243035316,
    "basketball": 0.018866779282689095,
    "base": 0.03795178607106209,
    "comex-gold-futures": 0.01822892762720585,
    "extended": 0.02305544912815094,
    "elon-musk": 0.026248103007674217,
    "bernie-sanders": 0.017693715170025826,
    "colombia-election": 0.031379058957099915,
    "champions-league": 0.04456533119082451,
    "california-midterm": 0.02372627891600132,
    "bitcoin": 0.023589476943016052,
    "formula1": 0.02582298405468464,
    "awards": 0.01917899213731289,
    "democratic-primary": 0.023405490443110466,
    "foreign-policy": 0.01819448731839657,
    "fdv": 0.023318758234381676,
    "fifa-world-cup": 0.02183322049677372,
    "2026-nfl-draft": 0.04456533119082451,
    "best-of-2025": 0.015556606464087963,
    "colorado-midterm": 0.033849358558654785,
    "abraham-accords": 0.03111240826547146,
    "business": 0.018651971593499184,
    "climate-science": 0.02349129319190979,
    "bundesliga": 0.03661268576979637,
    "brazil": 0.02023915760219097,
    "france": 0.03789212927222252,
    "airdrops": 0.021679168567061424,
    "economic-policy": 0.014517627656459808
  },
  "feasibility_filter": {
    "applied_threshold": 0.12,
    "feasible_solution_found": true
  },
  "data_split": {
    "tuning_steps": 8225,
    "holdout_steps_total": 2057,
    "holdout_fraction": 0.2,
    "walkforward_train_steps": 240,
    "walkforward_test_steps": 48
  },
  "optuna_summary": {
    "n_trials": 200,
    "n_jobs": 4,
    "completed_trials": 32,
    "pruned_trials": 168,
    "best_trial_number": 21,
    "search_time_sec": 24018.13129964599,
    "sampler": "QMCSampler(sobol)",
    "joint_macro_mode_search": false,
    "output_artifact_suffix": "_macro_both",
    "top_k_bagging": 3,
    "baseline_shrinkage": false,
    "beat_baseline_objective": false,
    "bagged_trial_numbers": [
      21,
      182,
      46
    ],
    "bagged_alphas": [
      1.0,
      1.0,
      1.0
    ],
    "objective_value_best": 0.031884675150243444
  }
}