{
  "strategy": "constrained_optuna_mean_downside",
  "best_params": {
    "learning_rate": 0.19558894359462614,
    "lambda_penalty": 1.8968776384667025,
    "rolling_window": 288,
    "domain_limit": 0.13116132923861973,
    "max_weight": 0.1269677657323939,
    "uniform_mix": 0.08676689898089227,
    "evaluation_mode": "online",
    "concentration_penalty_lambda": 32.000022049734646,
    "covariance_penalty_lambda": 9.969251891169275,
    "covariance_shrinkage": 0.08399454096805459,
    "entropy_lambda": 0.019403410467916958,
    "variance_penalty": 1.239556986792783,
    "downside_penalty": 1.2067826069431224,
    "selection_source": "optuna_bayesian",
    "holdout_sortino_ratio": 0.06995048936165298,
    "holdout_max_drawdown": -0.07341422024306632,
    "holdout_mean_return": 5.9926459779775615e-05,
    "holdout_volatility": 0.002966819643150625,
    "max_domain_exposure": 0.025185108184814453
  },
  "domain_exposure": {
    "basketball": 0.02508777566254139,
    "big-tech": 0.025088386610150337,
    "france": 0.025088539347052574,
    "2025-predictions": 0.024939952418208122,
    "epstein": 0.025059793144464493,
    "gemini-3": 0.024991147220134735,
    "2026-fifa-world-cup": 0.025088688358664513,
    "bitcoin": 0.02508467249572277,
    "business": 0.02508953958749771,
    "anthropic": 0.02495565451681614,
    "congress": 0.025097252801060677,
    "crypto-prices": 0.02509538270533085,
    "delaware-midterm": 0.025079982355237007,
    "extended": 0.025098644196987152,
    "elon-musk": 0.025080306455492973,
    "fdv": 0.025059456005692482,
    "champions-league": 0.025088386610150337,
    "awards": 0.024929409846663475,
    "best-of-2025": 0.02502943016588688,
    "commodities": 0.025078818202018738,
    "formula1": 0.025088690221309662,
    "democratic-primary": 0.025086283683776855,
    "bundesliga": 0.025026381015777588,
    "economic-policy": 0.02470656856894493,
    "felix": 0.02507779933512211,
    "airdrops": 0.02509337291121483,
    "gensyn": 0.025084763765335083,
    "geopolitics": 0.025083312764763832,
    "claude-5": 0.024997176602482796,
    "german-elections": 0.025096893310546875,
    "colorado-midterm": 0.02509118989109993,
    "celebrities": 0.025185108184814453,
    "arkansas-midterm": 0.025088602676987648,
    "colombia-election": 0.024990633130073547,
    "fifa-world-cup": 0.025091636925935745,
    "ethereum": 0.025088384747505188,
    "databricks": 0.02282620035111904,
    "climate-science": 0.02508821338415146,
    "brazil": 0.025088895112276077,
    "california-midterm": 0.025008201599121094
  },
  "feasibility_filter": {
    "applied_threshold": 0.12,
    "feasible_solution_found": true
  },
  "data_split": {
    "tuning_steps": 44168,
    "holdout_steps_total": 11042,
    "holdout_fraction": 0.2,
    "walkforward_train_steps": 1440,
    "walkforward_test_steps": 288
  },
  "optuna_summary": {
    "n_trials": 100,
    "completed_trials": 80,
    "pruned_trials": 20,
    "best_trial_number": 82,
    "search_time_sec": 113235.128194666
  }
}