{
  "strategy": "constrained_optuna_mean_downside_rescale",
  "best_params": {
    "learning_rate": 0.014691704990573007,
    "lambda_penalty": 0.7887609799459545,
    "rolling_window": 96,
    "domain_limit": 0.09443766847952086,
    "max_weight": 0.04750422309349949,
    "uniform_mix": 0.06997886969177983,
    "evaluation_mode": "online",
    "weight_parameterization": "projected_simplex",
    "concentration_penalty_lambda": 8.618737324135502,
    "covariance_penalty_lambda": 2.859388047990598,
    "covariance_shrinkage": 0.05911404993269183,
    "entropy_lambda": 0.0,
    "variance_penalty": 1.5318843539353058,
    "downside_penalty": 2.584385113138369,
    "regime_k": 0.26806452965350563,
    "macro_integration": "rescale",
    "lambda_macro_explicit": 0.0,
    "lambda_etf_tracking": 0.0,
    "selection_source": "optuna_qmc",
    "holdout_sortino_ratio": 0.2575851051385144,
    "holdout_max_drawdown": -0.21262896167528378,
    "holdout_mean_return": 0.0012607678783354633,
    "holdout_volatility": 0.024496673227613504,
    "max_domain_exposure": 0.10000491887331009,
    "baseline_holdout_sortino": 0.2557248468341846,
    "holdout_sortino_minus_baseline": 0.0018602583043297871,
    "top_k_bagging": 5,
    "baseline_shrinkage": false,
    "beat_baseline_objective": false,
    "bagged_trial_numbers": [
      0,
      48,
      77,
      52,
      71
    ],
    "bagged_alphas": [
      1.0,
      1.0,
      1.0,
      1.0,
      1.0
    ],
    "best_trial_baseline_alpha": 1.0
  },
  "domain_exposure": {
    "nba-champion": 0.10000491887331009,
    "republican-primary": 0.05019905045628548,
    "serie-a": 0.05016754940152168,
    "claude-5": 0.050056613981723785,
    "basketball": 0.050155628472566605,
    "economic-policy": 0.05014921352267265,
    "nba": 0.05010702461004257,
    "grooming-gangs": 0.09889362752437592,
    "ligue-1": 0.05014415457844734,
    "tennis": 0.04880369454622269,
    "airdrops": 0.0502045638859272,
    "hockey": 0.05016374588012695,
    "best-of-2025": 0.05014315992593765,
    "south-dakota-midterm": 0.05009947344660759,
    "primaries": 0.050150204449892044,
    "colombia-election": 0.05017963796854019,
    "uefa-europa-league": 0.05018065497279167,
    "west-virginia-primary": 0.05019707605242729
  },
  "feasibility_filter": {
    "applied_threshold": 0.12,
    "feasible_solution_found": true
  },
  "data_split": {
    "tuning_steps": 5315,
    "holdout_steps_total": 1329,
    "holdout_fraction": 0.2,
    "walkforward_train_steps": 240,
    "walkforward_test_steps": 48
  },
  "optuna_summary": {
    "n_trials": 100,
    "n_jobs": 4,
    "completed_trials": 13,
    "pruned_trials": 87,
    "best_trial_number": 0,
    "search_time_sec": 3998.4855514579685,
    "sampler": "QMCSampler(sobol)",
    "joint_macro_mode_search": false,
    "output_artifact_suffix": "",
    "top_k_bagging": 5,
    "baseline_shrinkage": false,
    "beat_baseline_objective": false,
    "bagged_trial_numbers": [
      0,
      48,
      77,
      52,
      71
    ],
    "bagged_alphas": [
      1.0,
      1.0,
      1.0,
      1.0,
      1.0
    ],
    "objective_value_best": 0.14791085911140517
  }
}