{
  "strategy": "dynamic_copula_kelly_ogd",
  "best_params": {
    "lr_w": 0.010370735198777533,
    "lr_theta": 0.0006015021539206593,
    "rolling_window": 48,
    "mc_samples": 512,
    "turnover_lambda": 0.0,
    "copula_shrinkage": 0.08087899438105524,
    "copula_temperature": 0.1,
    "mlp_hidden_dim": 16,
    "concentration_penalty_lambda": 5.83201924010156,
    "max_weight": 0.08171165194362402,
    "weight_parameterization": "projected_simplex",
    "optimizer_type": "adam",
    "selection_source": "optuna_qmc_kelly",
    "max_domain_exposure": 0.06871075969931881
  },
  "kelly_metrics": {
    "holdout_log_wealth_total": 0.8678270617839484,
    "holdout_log_wealth_per_step": 7.593202045532841e-05,
    "holdout_total_turnover_l1": 1224.3187277626362,
    "holdout_avg_turnover_l1": 0.10712387153404813,
    "holdout_max_turnover_l1": 1.1165847715106794,
    "holdout_max_drawdown": -0.11741015918484266,
    "holdout_mean_realized_return": 8.299346544854608e-05,
    "holdout_volatility": 0.003923360650523325,
    "holdout_steps": 11429,
    "mlp_param_count": 13596,
    "copula_off_diag_abs_mean": 0.5501306653022766,
    "pd_fallback_steps": 170599
  },
  "domain_exposure": {
    "basketball": 0.005205264287869267,
    "2025-predictions": 0.05681715844080008,
    "epstein": 0.007898890539291445,
    "gemini-3": 0.06871075969931881,
    "awards": 0.06829146731629834,
    "bitcoin": 0.004601958996317826,
    "business": 0.004622547041581068,
    "crypto-prices": 0.01226880304582548,
    "anthropic": 0.06152920157432136,
    "congress": 0.010145988401293474,
    "delaware-midterm": 0.009207610106797251,
    "2026-fifa-world-cup": 0.008229384495545293,
    "extended": 0.004412845560974772,
    "elon-musk": 0.004086075264660777,
    "formula1": 0.054869181330029805,
    "fdv": 0.00421714883551444,
    "champions-league": 0.06812788499719892,
    "brazil": 0.012356426646706286,
    "best-of-2025": 0.06297359163640877,
    "commodities": 0.004254710135041869,
    "democratic-primary": 0.005087195977875246,
    "bundesliga": 0.06623262754523397,
    "felix": 0.03016867609896363,
    "airdrops": 0.006914913867880254,
    "gensyn": 0.0048494921126112115,
    "claude-5": 0.01546514118895612,
    "france": 0.06232259087432173,
    "german-elections": 0.007104052267515512,
    "colorado-midterm": 0.008479356159013478,
    "celebrities": 0.006243078990014255,
    "arkansas-midterm": 0.010349517689497205,
    "ghislaine-maxwell": 0.008987069691743272,
    "colombia-election": 0.06862446016486402,
    "fifa-world-cup": 0.004595234490809889,
    "ethereum": 0.010442621307265797,
    "big-tech": 0.06534369812151404,
    "databricks": 0.057202373096652846,
    "climate-science": 0.008635477808432272,
    "california-midterm": 0.011143175655091535,
    "geopolitics": 0.008982360840017106
  },
  "data_split": {
    "tuning_steps": 45712,
    "holdout_steps_total": 11429,
    "holdout_fraction": 0.2,
    "walkforward_train_steps": 240,
    "walkforward_test_steps": 48,
    "rolling_window_used": 48
  },
  "optuna_summary": {
    "n_trials": 100,
    "n_jobs": 4,
    "completed_trials": 100,
    "pruned_trials": 0,
    "best_trial_number": 25,
    "search_time_sec": 139395.78171447798,
    "sampler": "QMCSampler(sobol)",
    "selection_objective": "mean_log_wealth - lambda_sel * mean_turnover",
    "selection_turnover_penalty": 0.05,
    "objective_value_best": -0.006338697934823283
  }
}